date,es_am_net,es_lev_net,nq_am_net,nq_lev_net,nq_mini_am_net,nq_mini_lev_net,vix_am_net,vix_lev_net
2013-01-08,880257,-357771,20905,8717,,,18819,-110611
2013-01-15,897279,-413090,21640,8554,,,22928,-111278
2013-01-22,954460,-421609,21340,11193,,,25363,-108355
2013-01-29,1017663,-456592,23240,12458,,,22764,-112996
2013-02-05,938300,-407367,25581,13437,,,24812,-115127
2013-02-12,910032,-432400,25911,10486,,,25055,-107704
2013-02-19,898865,-385652,26451,12304,,,35096,-123734
2013-02-26,855384,-383475,24421,9698,,,33411,-129336
2013-03-05,747388,-304631,21778,12976,,,38399,-117009
2013-03-12,777472,-328510,23131,14713,,,44425,-109156
2013-03-19,849975,-321512,24787,17946,,,43363,-100884
2013-03-26,908557,-368547,23203,21452,,,52105,-102425
2013-04-02,923732,-391400,26014,23497,,,53522,-111525
2013-04-09,881529,-331136,24711,19435,,,54306,-116645
2013-04-16,934264,-328763,26520,20131,,,40811,-110304
2013-04-23,875148,-339206,25798,17804,,,29627,-84802
2013-04-30,899922,-272194,26384,25584,,,37964,-95454
2013-05-07,922085,-317448,27539,24904,,,49077,-102443
2013-05-14,960714,-381761,28565,24525,,,49846,-95111
2013-05-21,1050497,-434007,28958,24942,,,46417,-90672
2013-05-28,1072991,-459086,32897,26539,,,45998,-91074
2013-06-04,1005878,-414024,33664,24149,,,33518,-101659
2013-06-11,939586,-402675,29672,18886,,,26667,-91814
2013-06-18,975217,-477627,26649,20813,,,25147,-64313
2013-06-25,668547,-238898,25342,12771,,,21340,-49804
2013-07-02,671228,-235972,26777,12891,,,26378,-64062
2013-07-09,745960,-290567,26610,15033,,,32259,-75031
2013-07-16,786623,-311793,30350,19194,,,33080,-83642
2013-07-23,850145,-325039,30483,24032,,,32612,-107532
2013-07-30,863574,-292654,30835,25747,,,31182,-114156
2013-08-06,857684,-326867,31124,26654,,,30372,-146901
2013-08-13,824761,-336989,33908,25274,,,28560,-168021
2013-08-20,749632,-301039,31692,23092,,,26298,-166321
2013-08-27,709806,-297696,30347,23457,,,26554,-158068
2013-09-03,706306,-313466,27846,22868,,,22235,-151448
2013-09-10,765796,-343803,28644,22427,,,27857,-148917
2013-09-17,787467,-301106,29119,26026,,,28592,-150653
2013-09-24,757287,-286732,31527,26364,,,34046,-130086
2013-10-01,723435,-248851,30973,28191,,,23793,-120727
2013-10-08,682268,-197962,29145,23806,,,24940,-106636
2013-10-15,684232,-183689,29930,23735,,,18839,-96058
2013-10-22,745362,-154226,31524,21930,,,24971,-66618
2013-10-29,819236,-169629,34686,22883,,,35863,-80077
2013-11-05,796347,-145291,35630,26345,,,43598,-83186
2013-11-12,801362,-129551,34688,22994,,,43638,-81496
2013-11-19,794021,-142047,34086,24463,,,45624,-85258
2013-11-26,786250,-131517,33686,25798,,,39589,-90162
2013-12-03,763327,-104658,34934,25436,,,33895,-91670
2013-12-10,789829,-141228,33696,24740,,,35497,-98457
2013-12-17,754006,-38211,34452,26198,,,28480,-101211
2013-12-24,894345,-270022,34004,18904,,,24085,-74965
2013-12-31,920440,-261604,34975,18166,,,26997,-74547
2014-01-07,926205,-251131,34602,13408,,,23041,-76578
2014-01-14,954142,-286886,34062,13179,,,25712,-91417
2014-01-21,939037,-348133,33890,20202,,,30731,-87784
2014-01-28,826543,-315751,32282,20334,,,21805,-88189
2014-02-04,736160,-315421,31104,16169,,,22895,-78977
2014-02-11,849371,-447262,33272,13825,,,13602,-45863
2014-02-18,859615,-464288,33485,17078,,,8491,-23517
2014-02-25,782256,-430330,33486,21147,,,15516,-21310
2014-03-04,809577,-450112,36186,21498,,,17906,-29819
2014-03-11,839031,-476639,35518,19044,,,24503,-28517
2014-03-18,842583,-405196,33905,17146,,,26461,-18090
2014-03-25,975237,-428405,33460,13825,,,28633,-21717
2014-04-01,972231,-374881,29871,13650,,,28625,-39499
2014-04-08,931035,-399893,27883,4431,,,26379,-45167
2014-04-15,885523,-375512,24453,5359,,,15923,-50140
2014-04-22,890776,-343248,22742,1478,,,22189,-57106
2014-04-29,886961,-335710,20711,2933,,,26569,-76022
2014-05-06,891263,-384051,22568,2114,,,32063,-99631
2014-05-13,917489,-391800,23131,1528,,,33612,-102819
2014-05-20,885790,-439037,23290,-1019,,,31076,-88427
2014-05-27,918665,-404744,26039,-74,,,29588,-95412
2014-06-03,963611,-417112,26182,2402,,,30665,-91965
2014-06-10,970660,-454693,26335,4266,,,19304,-90743
2014-06-17,922827,-457202,26413,7664,,,25170,-93828
2014-06-24,951946,-576453,29624,8976,,,29761,-101607
2014-07-01,924094,-532149,30392,6548,,,21881,-101637
2014-07-08,936433,-552432,32344,6282,,,19005,-99122
2014-07-15,938173,-468593,33435,5416,,,12743,-83423
2014-07-22,935482,-437746,32378,8240,,,12888,-70512
2014-07-29,939633,-489497,33470,7966,,,13010,-80668
2014-08-05,822664,-413754,30490,8330,,,9985,-54579
2014-08-12,826095,-462894,26406,8872,,,-268,-7684
2014-08-19,853331,-468901,27102,4946,,,4756,-6053
2014-08-26,857838,-434904,25840,6963,,,20432,-30297
2014-09-02,844194,-437333,27129,6665,,,23989,-35320
2014-09-09,827161,-428107,27242,7758,,,26619,-37775
2014-09-16,818881,-467089,27221,10123,,,20412,-48237
2014-09-23,922787,-458382,31661,13977,,,31190,-57104
2014-09-30,876774,-432347,30456,16038,,,7875,-36446
2014-10-07,801080,-380268,28536,18151,,,11712,-25556
2014-10-14,750589,-342379,29288,12947,,,14066,-2788
2014-10-21,772999,-543183,25305,6065,,,-2359,49530
2014-10-28,781846,-490821,25458,6241,,,-12105,58769
2014-11-04,746950,-312487,26696,9561,,,6776,36694
2014-11-11,781540,-282665,29412,12141,,,2915,40402
2014-11-18,839815,-262380,31227,11474,,,24666,16395
2014-11-25,855671,-265863,31103,10871,,,17077,808
2014-12-02,836938,-204806,32133,10547,,,17019,-13698
2014-12-09,830055,-143060,31715,10960,,,22652,-26537
2014-12-16,696356,-16082,28040,11756,,,12587,-33974
2014-12-23,887358,-185924,28899,4794,,,-13396,18501
2014-12-30,913309,-189636,27645,4827,,,-7544,10624
2015-01-06,842980,-105169,27289,5999,,,3511,-1790
2015-01-13,856487,-174694,23817,6727,,,8612,-17
2015-01-20,812989,-187553,20993,5799,,,9089,12965
2015-01-27,850648,-198135,19517,5972,,,8202,29680
2015-02-03,790563,-251118,19107,6654,,,4514,38191
2015-02-10,779222,-260885,18915,7621,,,13452,17461
2015-02-17,800543,-265450,24407,10837,,,21467,12220
2015-02-24,822308,-284483,25208,12529,,,29527,-5225
2015-03-03,771971,-285515,26603,14025,,,42718,-54448
2015-03-10,673259,-347360,23731,16073,,,55391,-85018
2015-03-17,657268,-331223,21631,13890,,,44793,-80635
2015-03-24,763023,-370324,25008,13747,,,54406,-100907
2015-03-31,726940,-350575,25449,10864,,,50439,-103121
2015-04-07,724926,-343778,24541,10899,,,45189,-104688
2015-04-14,746930,-317003,25392,12480,,,35316,-110692
2015-04-21,710621,-275374,24858,12671,,,40893,-115097
2015-04-28,733189,-284479,25477,15618,,,41843,-129008
2015-05-05,713093,-348160,24298,12622,,,47682,-138290
2015-05-12,709524,-301075,22115,9123,,,46984,-135671
2015-05-19,749167,-274172,22883,8375,,,33106,-112531
2015-05-26,724145,-335963,23815,7039,,,38334,-127448
2015-06-02,720281,-298263,26213,9863,,,36683,-133045
2015-06-09,645674,-355879,23882,5929,,,29328,-125593
2015-06-16,591272,-345290,23568,6286,,,15924,-110624
2015-06-23,752004,-469940,28560,12833,,,40901,-108392
2015-06-30,658885,-424062,25915,7411,,,30828,-94047
2015-07-07,658990,-449811,24643,6412,,,15891,-52293
2015-07-14,665412,-405832,25602,9329,,,16352,-39637
2015-07-21,697758,-373045,26670,12804,,,13535,-36508
2015-07-28,624748,-318566,27615,15754,,,14077,-59677
2015-08-04,592032,-349676,27893,12458,,,15965,-60556
2015-08-11,595240,-378936,25764,10128,,,19106,-90072
2015-08-18,575809,-355725,26323,10918,,,7494,-67091
2015-08-25,340008,-255959,19547,-1562,,,13608,-32260
2015-09-01,214471,-384797,17746,-5824,,,2851,15733
2015-09-08,166912,-469344,17816,-6442,,,-4904,42662
2015-09-15,186927,-525772,17119,-2397,,,-10664,63753
2015-09-22,157948,-481491,18979,-500,,,-7154,48435
2015-09-29,161555,-459084,16936,447,,,-6902,50663
2015-10-06,331747,-604638,18405,-632,,,-8123,60892
2015-10-13,434775,-625833,19082,-253,,,-1604,59346
2015-10-20,477982,-631341,19790,3027,,,5601,45243
2015-10-27,557355,-549735,22323,8732,,,7117,26686
2015-11-03,600166,-527452,23919,8712,,,11772,18566
2015-11-10,537535,-539250,23646,12450,,,15301,2374
2015-11-17,428789,-498028,23327,12248,,,18879,-20858
2015-11-24,419751,-372817,23440,7422,,,20067,-7632
2015-12-01,422268,-340137,22126,7247,,,16740,-16460
2015-12-08,406777,-283996,21110,5218,,,26129,-36418
2015-12-15,335412,-214189,21915,8689,,,-722,-7411
2015-12-22,338010,-268883,22696,9157,,,-4287,4763
2015-12-29,411665,-286875,23767,10707,,,22286,-16652
2016-01-05,288585,-303466,20514,9205,,,15328,-17907
2016-01-12,198245,-266050,16814,10293,,,-5629,13919
2016-01-19,184798,-404994,15931,7000,,,18060,7863
2016-01-26,164030,-352821,13068,2532,,,24626,23434
2016-02-02,223253,-439354,13087,157,,,43227,7064
2016-02-09,192595,-379593,10841,1009,,,37256,3051
2016-02-16,199417,-386713,11237,-3025,,,33545,15443
2016-02-23,249399,-374936,11996,-2539,,,51542,516
2016-03-01,238183,-371951,15025,-1506,,,56064,-2776
2016-03-08,191071,-411691,13595,-2546,,,69127,-28614
2016-03-15,187794,-368045,14317,-4403,,,57770,-30258
2016-03-22,301154,-353555,8702,-4410,,,61696,-83981
2016-03-29,260757,-357527,8310,-2756,,,46724,-85764
2016-04-05,248538,-313764,6732,-712,,,67019,-134770
2016-04-12,286483,-312815,7223,500,,,58978,-130686
2016-04-19,417813,-295156,7717,4373,,,82963,-163532
2016-04-26,405324,-222564,7215,3138,,,71120,-172357
2016-05-03,354154,-225010,1412,-3991,,,59096,-166946
2016-05-10,396569,-258680,684,-6818,,,39356,-152417
2016-05-17,404710,-317763,-1911,-5727,,,46551,-163776
2016-05-24,441424,-323611,1000,-3659,,,50079,-161658
2016-05-31,437758,-345759,8675,1605,,,56176,-182227
2016-06-07,458144,-439735,9092,3516,,,53903,-182384
2016-06-14,379366,-305976,7171,8081,,,50174,-158853
2016-06-21,321312,-354450,7946,8036,,,62746,-123590
2016-06-28,200379,-413150,2384,6622,,,34490,-87005
2016-07-05,309970,-458287,8398,4357,,,87174,-121592
2016-07-12,343083,-359029,10144,5900,,,86501,-117292
2016-07-19,437622,-317903,9763,11119,,,90706,-135849
2016-07-26,439993,-313901,12074,12691,,,82860,-165000
2016-08-02,413684,-328614,11345,13390,,,65054,-165838
2016-08-09,471062,-329460,11659,13194,,,54751,-164246
2016-08-16,464375,-291128,12050,13043,,,57363,-157136
2016-08-23,499632,-257076,11791,14016,,,72666,-186512
2016-08-30,502157,-235967,12429,12970,,,71929,-190546
2016-09-06,511725,-262005,12292,14395,,,62854,-195486
2016-09-13,391852,-271440,7825,8571,,,41699,-155187
2016-09-20,448261,-373040,10814,10041,,,31886,-127953
2016-09-27,472348,-419894,10805,14138,,,61425,-162562
2016-10-04,421662,-434176,10471,14159,,,73299,-162214
2016-10-11,381567,-454159,7971,15540,,,71820,-159485
2016-10-18,357195,-387092,11424,14873,,,43241,-124389
2016-10-25,369874,-398752,11376,19651,,,71867,-162825
2016-11-01,265475,-299866,8394,23706,,,59466,-153224
2016-11-08,234143,-198349,6632,21629,,,39167,-109552
2016-11-15,286633,-231137,5785,5547,,,31335,-80462
2016-11-22,292211,-256255,6652,6179,,,68572,-142725
2016-11-29,338404,-300794,6981,5301,,,73513,-151151
2016-12-06,253918,-250537,3603,1467,,,61517,-145575
2016-12-13,333808,-315664,2323,5545,,,64477,-145567
2016-12-20,431592,-223850,8039,5883,,,27356,-114295
2016-12-27,388268,-171815,7420,8125,,,47943,-127079
2017-01-03,407145,-100558,6798,6601,,,40123,-124818
2017-01-10,471519,-192064,7282,4559,,,38270,-134767
2017-01-17,521214,-266399,7408,5393,,,11542,-115334
2017-01-24,549774,-259390,6132,6000,,,21661,-129588
2017-01-31,571991,-216265,7394,7034,,,8906,-125754
2017-02-07,569508,-239875,6939,3976,,,238,-119991
2017-02-14,599198,-215944,6742,3471,,,-25620,-96390
2017-02-21,657943,-166826,5983,3805,,,28815,-129381
2017-02-28,665596,-182595,4303,5277,,,25532,-137474
2017-03-07,633215,-77706,2201,3630,,,33601,-140328
2017-03-14,684562,-116692,2249,677,,,33138,-136153
2017-03-21,623904,-256933,9335,3534,,,17561,-130032
2017-03-28,646485,-225885,10817,4810,,,3071,-107660
2017-04-04,655406,-192624,8652,6671,,,5328,-101902
2017-04-11,664018,-182759,9055,7482,,,24722,-116630
2017-04-18,659755,-197417,7779,10187,,,-2904,-79917
2017-04-25,740411,-203106,9310,12172,,,16330,-86334
2017-05-02,762000,-209847,9315,9924,,,23035,-101231
2017-05-09,643032,-194572,9707,9975,,,6371,-99059
2017-05-16,623162,-223038,9375,6812,,,2429,-107019
2017-05-23,620884,-191993,8164,6554,,,-10903,-75142
2017-05-30,633506,-183452,8248,8104,,,7450,-106615
2017-06-06,613115,-181600,9243,10388,,,19767,-130360
2017-06-13,624995,-178093,6990,8665,,,10677,-116773
2017-06-20,729694,-273895,11784,8923,,,10941,-120781
2017-06-27,664408,-226950,9487,7827,,,23272,-113191
2017-07-03,623301,-131414,7265,5243,,,13750,-100153
2017-07-11,688965,-123333,6476,4110,,,15415,-87845
2017-07-18,717752,-144532,6587,6143,,,28101,-105803
2017-07-25,763462,-157571,4786,9004,,,24590,-123884
2017-08-01,803295,-241207,4779,6782,,,13207,-122141
2017-08-08,848073,-272811,4415,5709,,,19397,-129877
2017-08-15,814631,-154314,3731,5013,,,-14027,-70482
2017-08-22,779061,-111091,2213,284,,,-17081,-55840
2017-08-29,776988,-72686,1247,-1270,,,-11365,-69575
2017-09-05,772718,-122154,1955,-1167,,,7755,-92204
2017-09-12,844881,-145218,-232,265,,,11348,-87058
2017-09-19,1008460,-294398,4092,4322,,,8427,-96601
2017-09-26,943074,-284130,2604,1434,,,-4430,-112199
2017-10-03,846962,-213639,2970,601,,,16093,-137404
2017-10-10,851805,-188407,2569,2354,,,19405,-140071
2017-10-17,831727,-185452,2212,3262,,,9386,-126303
2017-10-24,828711,-163828,2167,3835,,,20476,-120809
2017-10-31,807479,-120417,2863,5199,,,23385,-121283
2017-11-07,777016,-155483,2429,5552,,,39849,-130029
2017-11-14,781378,-117504,2501,4361,,,29860,-110356
2017-11-21,762486,-108220,3046,4556,,,12130,-76477
2017-11-28,770272,-117742,2621,3526,,,16954,-75646
2017-12-05,721309,-68643,2417,1092,,,32158,-90161
2017-12-12,732996,-159787,898,743,,,4374,-77050
2017-12-19,803889,-154044,8560,-4542,,,-17508,-60306
2017-12-26,792597,-149636,6038,-6854,,,-9574,-45939
2018-01-02,853545,-153031,4567,-3568,,,-14665,-47434
2018-01-09,987415,-256217,4857,-2258,,,1401,-58687
2018-01-16,996048,-184491,4533,-936,,,-18340,-38675
2018-01-23,1053843,-124009,3429,-2181,,,-3336,-49964
2018-01-30,990123,-27916,2341,-18,,,-6460,-28899
2018-02-06,889634,69679,904,1688,,,63352,-4351
2018-02-13,776517,-19081,-5053,-5474,,,32476,-15129
2018-02-20,870781,-117065,-3503,-7124,,,18623,-4453
2018-02-27,907836,-127011,-3069,-4183,,,23189,-18532
2018-03-06,801604,-53162,-5496,-923,,,27805,3597
2018-03-13,832540,-83711,-4402,309,,,25838,-11858
2018-03-20,747220,-110920,4318,-646,,,36876,-6251
2018-03-27,573041,20021,1991,-2653,,,54333,14552
2018-04-03,499123,-4085,-595,-5923,,,51524,18844
2018-04-10,560221,-37139,-1726,-5536,,,50137,13682
2018-04-17,637823,-59762,-2929,-2576,,,42704,19434
2018-04-24,616406,-18416,-3338,-8341,,,48757,-8742
2018-05-01,507985,83570,-2811,-4772,,,48864,-19095
2018-05-08,507110,-4792,-1965,-4343,,,42055,-32872
2018-05-15,500358,-19599,-1845,-4952,,,39934,-44174
2018-05-22,431972,-21414,-2412,-8076,,,18899,-33021
2018-05-29,385530,-65435,-2136,-5318,,,26056,-44905
2018-06-05,414273,-85642,-921,-1060,,,28112,-54425
2018-06-12,499243,-97444,-2164,-2815,,,13873,-41318
2018-06-19,613630,-98399,6149,-3921,,,6154,-44411
2018-06-26,501801,-93735,6421,-6281,,,30577,-49800
2018-07-03,478650,-91524,4284,-4082,,,44543,-41936
2018-07-10,530130,-124150,5985,-4598,,,51041,-72441
2018-07-17,527898,-150118,5661,-1817,,,43411,-69685
2018-07-24,514716,-150784,4955,-1119,,,48133,-95362
2018-07-31,481164,-94440,3353,-1005,,,54509,-108050
2018-08-07,513123,-142598,3894,-2188,,,52504,-110908
2018-08-14,480359,-126911,3271,-1405,,,58671,-127374
2018-08-21,494644,-166028,2488,-1507,,,47044,-113613
2018-08-28,584717,-171710,2268,157,,,51846,-120164
2018-09-04,635261,-228074,6399,-2756,,,58561,-133060
2018-09-11,655913,-222047,2286,-4764,,,63267,-133852
2018-09-18,720594,-234534,2408,-5729,,,47472,-115132
2018-09-25,806333,-247721,11061,-4094,,,26313,-122912
2018-10-02,803374,-217539,10087,-1277,,,28292,-121076
2018-10-09,718211,-166742,5231,-4945,,,42191,-122468
2018-10-16,518114,-24449,985,-1165,,,65012,-96252
2018-10-23,440168,-62258,-363,-891,,,73484,-92153
2018-10-30,359219,-29018,-4429,624,,,86476,-93268
2018-11-06,405448,-108226,-6024,-2437,,,86492,-85707
2018-11-13,475688,-132955,-5475,-3380,,,83237,-74824
2018-11-20,442053,-75876,-5392,-24,,,77899,-54966
2018-11-27,445986,-48787,-5837,1848,,,65880,-43055
2018-12-04,483660,-111993,-6107,-3045,,,62265,-44987
2018-12-11,379510,-16928,-6200,-1306,,,67420,-38575
2018-12-18,374002,47777,-4788,1244,,,62329,-21057
2018-12-24,536307,149057,-4331,4500,,,61799,-22799
2018-12-31,629391,10815,-4223,-542,,,66583,-16042
2019-01-08,669531,-56227,-3375,-2700,,,69166,-22693
2019-01-15,661473,-114427,-2787,-4293,,,42589,-12559
2019-01-22,658306,-142469,-1819,-3897,,,58370,-38438
2019-01-29,644572,-104350,-1308,-1206,,,63918,-44060
2019-02-05,609362,-185377,1352,-4409,,,37686,-36818
2019-02-12,571119,-178450,-1713,-2341,,,-355,-19711
2019-02-19,556735,-196301,-1370,-2728,,,14725,-43323
2019-02-26,649854,-218469,-1100,-2593,,,13620,-48524
2019-03-05,657414,-192128,-940,-3513,,,9866,-49426
2019-03-12,670910,-172279,-2795,-4967,,,17595,-54377
2019-03-19,751185,-203264,280,-4614,,,10636,-72576
2019-03-26,749451,-142568,4031,-3491,,,29370,-69946
2019-04-02,760473,-177920,5004,-5231,,,23424,-88165
2019-04-09,780337,-188370,6124,-5092,,,33417,-106006
2019-04-16,820326,-188014,4840,-5391,,,14283,-104964
2019-04-23,796856,-132764,3571,-2753,,,17200,-107068
2019-04-30,788919,-85743,3884,-2486,,,22989,-109185
2019-05-07,756732,-65002,3342,-2751,,,46063,-110557
2019-05-14,709133,-111395,5929,-7006,,,81052,-102429
2019-05-21,696353,-123616,7569,-6241,,,52172,-83665
2019-05-28,684505,-99883,6916,-6723,,,60563,-98252
2019-06-04,700083,-68549,5737,-6660,,,76855,-99274
2019-06-11,787711,-190501,6509,-6320,,,61442,-81504
2019-06-18,788625,-220876,6843,-5548,,,36981,-63864
2019-06-25,910664,-248044,9743,-2041,,,29834,-85442
2019-07-02,900906,-249288,9165,-1370,,,28105,-83084
2019-07-09,907322,-273276,8645,-723,,,19875,-93551
2019-07-16,957735,-270972,10495,-1538,,,-4367,-75212
2019-07-23,894967,-213781,9719,-2430,,,7345,-98837
2019-07-30,892776,-219687,10360,-3404,,,7997,-110046
2019-08-06,774069,-172383,11663,-4835,,,55963,-120984
2019-08-13,745510,-251461,10242,-5431,,,70975,-125422
2019-08-20,656578,-208858,9253,-7233,,,60821,-106307
2019-08-27,702156,-238459,8598,-6879,,,69600,-101006
2019-09-03,703554,-275063,8438,-6195,,,59853,-89668
2019-09-10,761440,-286982,7488,-3819,,,35174,-80572
2019-09-17,714333,-241744,8482,-2470,,,9843,-78727
2019-09-24,814521,-194538,7491,-2546,,,6721,-90925
2019-10-01,766492,-165424,7983,-1797,,,39352,-116813
2019-10-08,705660,-129519,5695,-1586,,,46308,-106635
2019-10-15,758802,-197914,7514,-767,,,13758,-79162
2019-10-22,782940,-214280,8601,-2281,,,11122,-95075
2019-10-29,835934,-230748,9158,-306,,,4004,-87780
2019-11-05,864982,-278791,10586,-2347,,,8158,-105258
2019-11-12,918071,-284638,10998,-2573,,,5754,-115056
2019-11-19,902670,-290727,11734,-3986,,,-6977,-115739
2019-11-26,901481,-298617,12028,-6056,,,-6069,-100676
2019-12-03,845636,-228341,8435,-5383,,,12598,-112478
2019-12-10,891580,-231381,6666,-5395,,,25235,-103648
2019-12-17,874024,-176808,4694,-3263,,,-5565,-75582
2019-12-24,1051430,-209606,8368,-861,,,-10890,-65263
2019-12-31,1027871,-189331,8140,183,,,11854,-81459
2020-01-07,1031644,-190292,6631,733,,,12349,-80927
2020-01-14,1094018,-235957,7947,-920,,,-11082,-65785
2020-01-21,1101072,-257716,6686,-410,,,-21217,-54461
2020-01-28,1050791,-228881,7454,-794,,,-5774,-71155
2020-02-04,1057760,-219482,6488,-2279,,,18313,-82627
2020-02-11,1101979,-283632,4625,-2021,,,233,-67567
2020-02-18,1124081,-241878,5864,-1410,,,-1964,-64921
2020-02-25,886346,-123693,7790,446,,,60270,-108521
2020-03-03,657101,-131096,7733,-2140,,,93458,-78467
2020-03-10,549440,-186449,3645,-2503,,,77889,-55184
2020-03-17,343958,-75926,-1287,3149,,,77990,-42849
2020-03-24,341344,-3446,4779,1643,,,35492,-28731
2020-03-31,481439,-125420,4277,-1422,,,37077,-49108
2020-04-07,454269,-172824,4401,-1358,,,51923,-68358
2020-04-14,583918,-282170,6365,-3807,,,45180,-65307
2020-04-21,563241,-241636,5002,-3590,,,46117,-70791
2020-04-28,591658,-329668,5260,-3537,,,43840,-62288
2020-05-05,492526,-302013,6539,-2649,,,46439,-68840
2020-05-12,521290,-329951,8200,-3851,,,29849,-59303
2020-05-19,480781,-360437,6591,-5328,,,33654,-69217
2020-05-26,543704,-417603,8279,-6545,,,23489,-55675
2020-06-02,519860,-392468,8165,-5839,,,30075,-63382
2020-06-09,590329,-417804,7918,-7836,,,35573,-68079
2020-06-16,516916,-452535,10806,-7991,,,55576,-78478
2020-06-23,449006,-351700,10976,-2959,,,60595,-80198
2020-06-30,395818,-272379,11717,-2364,,,74127,-88055
2020-07-07,435585,-289567,12069,-4051,,,74854,-71885
2020-07-14,490279,-317495,8121,-4669,,,78954,-78612
2020-07-21,500471,-315853,7395,-7831,,,68502,-71253
2020-07-28,544934,-264644,7722,-8091,,,74602,-70226
2020-08-04,612123,-348736,7639,-8273,,,69398,-72534
2020-08-11,670649,-363314,6733,-10044,,,60312,-64505
2020-08-18,679036,-345949,11689,-11685,,,52219,-59072
2020-08-25,713612,-370500,10884,-11547,,,53182,-60774
2020-09-01,686314,-342502,9993,-10428,,,55700,-60436
2020-09-08,612773,-246685,6436,-4675,,,48776,-52939
2020-09-15,624381,-254884,8261,-1496,,,27781,-41589
2020-09-22,657130,-162380,8381,3636,,,30484,-47730
2020-09-29,591147,-162739,7264,-729,,,27610,-46398
2020-10-06,587174,-173708,6334,-1536,,,37121,-50197
2020-10-13,666036,-244247,5973,-5123,,,39818,-58578
2020-10-20,632806,-190619,3515,-5667,,,45217,-60682
2020-10-27,604913,-156666,3744,-6559,,,67542,-82826
2020-11-03,556023,-161748,3359,-6726,,,98750,-106146
2020-11-10,634527,-160262,3085,-4000,,,76643,-87091
2020-11-17,655233,-146687,5179,-6333,,,67778,-76481
2020-11-24,690407,-169762,5930,-9256,,,67215,-80733
2020-12-01,702857,-153527,6688,-9567,,,59867,-81481
2020-12-08,752223,-169642,8223,-11834,,,53847,-81766
2020-12-15,749256,-129970,7204,-13101,,,62514,-88890
2020-12-21,753585,-149107,10388,-8842,,,60958,-88339
2020-12-29,771737,-170422,11679,-11328,,,61662,-87193
2021-01-05,786622,-181018,11516,-11416,,,78350,-100987
2021-01-12,812425,-189908,10690,-14119,,,72836,-99369
2021-01-19,840572,-201097,11462,-12570,,,82371,-101107
2021-01-26,836503,-235953,11188,-10949,,,80379,-109171
2021-02-02,752616,-190534,11031,-10964,,,87791,-105341
2021-02-09,800847,-230792,10948,-10805,,,82151,-99314
2021-02-16,816352,-288303,9358,-10462,,,94243,-115771
2021-02-23,804205,-210705,4520,-10370,,,99267,-130936
2021-03-02,705081,-138715,1653,-9888,,,99636,-132446
2021-03-09,665179,-101882,-813,-6622,,,92864,-126409
2021-03-16,666501,-143556,582,-7775,,,78521,-107804
2021-03-23,736397,-201510,2166,-7609,,,74611,-106207
2021-03-30,769064,-199124,1939,-7745,,,68048,-100068
2021-04-06,800659,-255231,3889,-5621,,,53372,-90887
2021-04-13,819541,-268906,3881,-4075,,,37475,-87644
2021-04-20,837714,-247826,3754,-2056,,,27560,-77771
2021-04-27,842429,-247119,3506,-3993,,,35437,-84157
2021-05-04,884080,-257556,2633,-5779,,,38772,-90421
2021-05-11,864580,-224507,2242,-5739,,,55372,-101123
2021-05-18,834076,-203621,-419,-3883,,,51843,-83497
2021-05-25,849974,-182705,-32,-5135,,,50631,-80740
2021-06-01,857779,-207374,-410,-4374,,,29169,-67531
2021-06-08,871703,-187523,880,-5782,,,15081,-52749
2021-06-15,955306,-234869,891,-4042,,,19598,-54442
2021-06-22,968216,-171238,853,-1533,,,19173,-55191
2021-06-29,966654,-189410,2286,-3189,,,26290,-60964
2021-07-06,961371,-180599,3435,-4549,,,24490,-61888
2021-07-13,968155,-197334,3864,-5795,,,32953,-61056
2021-07-20,944576,-176901,2587,-3245,,,45961,-72733
2021-07-27,915460,-202560,3204,-5595,,,37328,-67003
2021-08-03,903943,-204043,4473,-7357,,,41581,-69207
2021-08-10,919525,-204048,2693,-9579,,,24062,-56000
2021-08-17,904932,-174274,3506,-10205,,,10388,-43765
2021-08-24,880783,-177874,4342,-6571,,,18967,-51697
2021-08-31,906726,-195440,4138,-6455,,,11610,-52804
2021-09-07,917305,-159717,4069,-5884,,,17530,-57701
2021-09-14,863523,-134806,5723,-5797,,,33228,-62808
2021-09-21,856074,-125844,5968,-2852,,,56300,-75002
2021-09-28,818561,-43727,4927,-5159,,,42336,-61193
2021-10-05,794681,-42202,3028,-4391,,,37818,-62893
2021-10-12,737482,-21707,2714,-2827,,,16771,-42905
2021-10-19,787309,-94309,5032,-2045,,,-89,-37415
2021-10-26,799255,-70876,5342,-1173,,,-3245,-39773
2021-11-02,762720,-37859,6390,-581,,,-13524,-35579
2021-11-09,752563,-36976,8349,-1759,,,16650,-51872
2021-11-16,774633,-43262,8144,-3799,,,26027,-57264
2021-11-23,770652,-2533,7325,-1474,,,38550,-71862
2021-11-30,681709,58122,7842,-1455,,,62071,-85094
2021-12-07,648940,16911,6761,-855,,,63353,-76095
2021-12-14,584746,44689,5546,47,,,46789,-57772
2021-12-21,668318,-10465,5474,-1361,,,39578,-54249
2021-12-28,736093,-97267,7451,-3220,,,30261,-47769
2022-01-04,731685,-98875,8217,-2000,,,18168,-48086
2022-01-11,729222,-57767,5132,-462,,,11383,-41035
2022-01-18,723521,-12990,4958,-418,,,18802,-44645
2022-01-25,648105,107149,3570,2757,,,37482,-59027
2022-02-01,634289,48829,1227,-1675,,,41045,-55751
2022-02-08,558497,58542,99,668,495.0,3341.0,26815,-45216
2022-02-15,517190,30528,550,1003,2747.0,5013.0,44020,-55758
2022-02-22,497480,73418,-506,-238,-2530.0,-1192.0,57294,-59114
2022-03-01,463645,-23846,517,1781,2585.0,8908.0,62635,-68004
2022-03-08,417928,15942,-322,3138,-1609.0,15688.0,53232,-61440
2022-03-15,441548,-46920,-918,581,-4591.0,2903.0,44970,-42998
2022-03-22,514978,-270293,2853,-7889,14266.0,-39449.0,32421,-41149
2022-03-29,559971,-282408,5117,-10945,25584.0,-54727.0,31920,-37618
2022-04-05,533517,-248763,7430,-11061,37151.0,-55305.0,29953,-45575
2022-04-12,477979,-100759,5584,-5608,27921.0,-28037.0,36953,-51331
2022-04-19,473193,-116483,6396,-4907,31980.0,-24539.0,29420,-49339
2022-04-26,359922,-6720,4593,-2272,22964.0,-11359.0,39166,-57307
2022-05-03,365946,-83501,4782,-1015,23910.0,-5075.0,53697,-65496
2022-05-10,277173,-8652,2313,1922,11564.0,9610.0,56930,-61800
2022-05-17,307484,-97523,2400,405,11996.0,2025.0,33474,-44519
2022-05-24,290816,-146369,2676,-2893,13381.0,-14463.0,39122,-50499
2022-05-31,354619,-203422,4441,-6373,22204.0,-31867.0,42819,-45446
2022-06-07,341381,-231338,4309,-7078,21548.0,-35390.0,41977,-49171
2022-06-14,206523,-175912,3027,-3887,15135.0,-19434.0,59215,-68352
2022-06-21,188135,-204836,3174,-2804,15868.0,-14023.0,67724,-72843
2022-06-28,195019,-265565,4147,-3798,20732.0,-18990.0,71255,-75529
2022-07-05,205591,-317976,1788,-3184,8938.0,-15919.0,56926,-71895
2022-07-12,223160,-369516,3289,-5814,16446.0,-29070.0,52960,-63671
2022-07-19,247528,-425568,2885,-5122,14428.0,-25608.0,45347,-62155
2022-07-26,295674,-454343,4672,-7358,23359.0,-36790.0,54003,-67554
2022-08-02,320914,-505957,4713,-7299,23561.0,-36496.0,46594,-58745
2022-08-09,295919,-503600,7590,-10864,37948.0,-54317.0,47263,-60587
2022-08-16,376090,-598669,9927,-12130,49639.0,-60647.0,45750,-62547
2022-08-23,338348,-513698,7901,-8048,39508.0,-40238.0,48941,-67529
2022-08-30,326682,-490807,4998,-7617,24990.0,-38085.0,55253,-69389
2022-09-06,271344,-452569,1434,-6971,7174.0,-34852.0,41246,-57805
2022-09-13,313478,-525354,1793,-9608,8966.0,-48037.0,52073,-67176
2022-09-20,283947,-346646,-24,-8172,-120.0,-40860.0,41118,-58377
2022-09-27,218119,-286836,-2139,-6405,-10694.0,-32027.0,41887,-68517
2022-10-04,197432,-340474,-2639,-4002,-13198.0,-20012.0,43307,-63679
2022-10-11,180188,-346985,-713,-3968,-3564.0,-19843.0,44553,-62064
2022-10-18,223363,-413282,-27,-2662,-136.0,-13312.0,40164,-57219
2022-10-25,279614,-445837,1496,-6653,7481.0,-33264.0,36421,-48839
2022-11-01,320832,-395894,1809,-6393,9049.0,-31966.0,12722,-27891
2022-11-08,322809,-392104,1676,-6821,8381.0,-34103.0,22684,-40755
2022-11-15,425048,-471274,4748,-7588,23740.0,-37940.0,32054,-49075
2022-11-22,454673,-435987,4173,-5469,20864.0,-27348.0,18830,-35278
2022-11-29,481928,-419340,3163,-6096,15816.0,-30479.0,31192,-42132
2022-12-06,463748,-431367,4065,-6429,20324.0,-32147.0,19317,-33467
2022-12-13,488157,-476530,3929,-6154,19644.0,-30771.0,14058,-24665
2022-12-20,443979,-218488,2200,-1617,11004.0,-8082.0,2120,-9971
2022-12-27,446279,-246774,1877,-3061,9385.0,-15305.0,-2872,-17887
2023-01-03,436461,-276214,1149,-363,5745.0,-1815.0,-12383,-9178
2023-01-10,463091,-315325,3491,-2456,17457.0,-12278.0,9510,-30966
2023-01-17,529272,-386243,5630,-3595,28152.0,-17978.0,6686,-23330
2023-01-24,531252,-375173,7217,-5862,36085.0,-29309.0,1662,-21578
2023-01-31,573951,-396262,7606,-5666,38031.0,-28329.0,-1822,-19377
2023-02-07,563475,-392326,9780,-7793,48899.0,-38967.0,7592,-31412
2023-02-14,564934,-413387,9195,-9170,45978.0,-45846.0,8355,-30148
2023-02-21,545089,-354815,6695,-6967,33475.0,-34836.0,23795,-35250
2023-02-28,498045,-298918,4837,-6239,24183.0,-31196.0,16763,-34179
2023-03-07,522004,-304190,4851,-5571,24251.0,-27856.0,2914,-23584
2023-03-14,491195,-252269,4011,-1206,20055.0,-6028.0,5061,-32437
2023-03-21,476162,-461699,4869,-6086,24341.0,-30429.0,2148,-28249
2023-03-28,429156,-450423,4864,-8179,24320.0,-40894.0,1317,-15512
2023-04-04,491579,-565812,6534,-8868,32673.0,-44341.0,-9818,-9045
2023-04-11,535180,-530918,8051,-7242,40255.0,-36211.0,-7177,-6980
2023-04-18,591465,-547296,7723,-6325,38613.0,-31625.0,4838,-19197
2023-04-25,584474,-475066,8230,-7198,41150.0,-35992.0,18613,-42374
2023-05-02,593082,-467864,43252,-34336,42971.0,-34805.0,20564,-48189
2023-05-09,596818,-513303,44581,-29848,44308.0,-30682.0,20702,-35242
2023-05-16,613038,-501276,51136,-27709,50828.0,-31406.0,27668,-32445
2023-05-23,627612,-517901,58855,-33932,58582.0,-37153.0,23571,-38069
2023-05-30,627896,-530723,64713,-39957,64444.0,-45016.0,29572,-41390
2023-06-06,666126,-576131,72414,-38150,72127.0,-43066.0,12770,-31951
2023-06-13,763619,-538565,70800,-40129,70414.0,-44042.0,11461,-39573
2023-06-20,798530,-380423,67318,-16007,66927.0,-17387.0,3284,-32327
2023-06-27,753961,-315623,65125,-25196,64759.0,-25634.0,-5178,-32846
2023-07-03,777057,-292640,62672,-32529,62258.0,-33505.0,2795,-36666
2023-07-11,760123,-307136,64034,-36677,63694.0,-36835.0,20728,-50519
2023-07-18,819787,-385153,71444,-29565,71046.0,-32110.0,7202,-36615
2023-07-25,802306,-403332,64070,-39604,63713.0,-40165.0,15382,-39428
2023-08-01,820352,-382505,65157,-53669,64755.0,-53870.0,21810,-44969
2023-08-08,774350,-327526,66519,-59068,66089.0,-56638.0,22186,-40950
2023-08-15,779527,-296032,62875,-38581,62438.0,-35350.0,15745,-24699
2023-08-22,754982,-331822,56016,-31728,55444.0,-28510.0,23276,-33019
2023-08-29,755407,-353723,64038,-28393,63454.0,-27040.0,23719,-37800
2023-09-05,780139,-335302,61708,-28403,61072.0,-27220.0,10419,-29220
2023-09-12,781298,-250112,50957,-32584,50577.0,-29164.0,12222,-32116
2023-09-19,863681,-320298,68432,-20569,68305.0,-19460.0,7816,-28613
2023-09-26,759498,-283612,58762,-31708,58523.0,-28192.0,14585,-45421
2023-10-03,696137,-262969,49169,-22762,48866.0,-19931.0,22698,-42575
2023-10-10,666922,-284823,56655,-16957,56337.0,-18181.0,11854,-15872
2023-10-17,672170,-260638,61767,-11802,61583.0,-13879.0,6902,-8242
2023-10-24,610714,-195844,61288,-13074,61006.0,-13884.0,17731,-30762
2023-10-31,604196,-231153,45935,-8462,45683.0,-8572.0,23466,-27671
2023-11-07,669718,-272845,65547,15648,65268.0,10142.0,10077,-14011
2023-11-14,696990,-291032,84583,1591,84297.0,-4908.0,7629,-7071
2023-11-21,758423,-311046,93073,-2862,92707.0,-9066.0,9501,-33122
2023-11-28,791257,-318644,95675,5019,95326.0,-2133.0,464,-28300
2023-12-05,815718,-353424,89819,-19691,89522.0,-25956.0,-12688,-18875
2023-12-12,824914,-366291,81296,-33770,81121.0,-40814.0,-13859,-7912
2023-12-19,882370,-307532,89338,-42820,89122.0,-44775.0,-8583,-4451
2023-12-26,878373,-354995,90859,-42890,90636.0,-44442.0,-9725,-26892
2024-01-02,954923,-389801,89184,-35863,88971.0,-34926.0,-11543,-10094
2024-01-09,928061,-312515,88339,-36615,88109.0,-36173.0,1008,-17882
2024-01-16,927303,-298679,85863,-33461,85635.0,-34027.0,-1304,-14586
2024-01-23,912254,-392623,94450,-34338,94204.0,-36377.0,-12423,-9759
2024-01-30,969492,-429536,97635,-25318,97393.0,-26655.0,-6160,-18569
2024-02-06,916018,-411091,96371,-31868,96132.0,-33122.0,-10726,-9869
2024-02-13,937840,-379467,100037,-34757,99783.0,-36970.0,-5539,-21785
2024-02-20,945299,-417264,95620,-33088,95392.0,-34626.0,-3147,-18798
2024-02-27,940242,-434245,93627,-45011,93401.0,-47714.0,-8773,-20729
2024-03-05,918166,-406861,82458,-55852,82307.0,-56283.0,-7439,-18218
2024-03-12,913797,-494000,83405,-63468,83132.0,-64957.0,-15205,-18828
2024-03-19,946828,-432870,87485,-37582,87210.0,-36649.0,-18110,-7924
2024-03-26,952631,-456511,83463,-47040,83195.0,-46242.0,-17605,-2081
2024-04-02,934377,-368463,82843,-45373,82539.0,-43017.0,-10664,-10224
2024-04-09,944641,-340973,90648,-42181,90392.0,-41808.0,-2960,-19498
2024-04-16,863024,-200928,88965,-51431,88812.0,-48407.0,-11635,-19875
2024-04-23,841723,-206322,83666,-45882,83317.0,-44257.0,-5357,-15267
2024-04-30,824848,-195890,74427,-53883,74176.0,-51299.0,5295,-20230
2024-05-07,862580,-260250,80815,-47017,80394.0,-47934.0,-22859,-7891
2024-05-14,919252,-292476,82349,-53292,82023.0,-54967.0,-35732,3399
2024-05-21,943369,-334078,86006,-37837,85682.0,-39906.0,-36831,8668
2024-05-28,974523,-339604,91793,-42950,91452.0,-45428.0,-35415,4702
2024-06-04,954390,-345416,85297,-36385,84862.0,-36799.0,-33321,5941
2024-06-11,971145,-367530,82162,-44382,81805.0,-47211.0,-37193,1060
2024-06-18,967455,-371410,76374,-54671,76069.0,-57613.0,-36075,-7011
2024-06-25,973899,-288772,87940,-39501,87833.0,-40408.0,-48146,-6104
2024-07-02,948276,-276301,85246,-41585,84968.0,-43802.0,-64136,10227
2024-07-09,977419,-325183,86921,-45807,86626.0,-48007.0,-59405,3426
2024-07-16,1002181,-352243,88179,-42202,87860.0,-42699.0,-49719,-5644
2024-07-23,995142,-274855,75861,-33141,75534.0,-32373.0,-30192,-35172
2024-07-30,946819,-244217,72328,-32650,72026.0,-30874.0,-19303,-48518
2024-08-06,888081,-209759,70249,-33764,70022.0,-34068.0,1938,-70543
2024-08-13,948936,-276454,70845,-44489,70594.0,-45326.0,-23577,-39743
2024-08-20,967409,-351091,70988,-55924,70696.0,-55750.0,-21551,-24802
2024-08-27,981923,-338826,73115,-48102,72841.0,-47616.0,-23808,-26899
2024-09-03,988341,-267252,66688,-48175,66417.0,-47822.0,-4751,-43830
2024-09-10,982309,-251544,58304,-34643,57996.0,-35479.0,3442,-44445
2024-09-17,1018535,-351386,54177,-53903,53902.0,-54512.0,8914,-27219
2024-09-24,1067824,-319454,64795,-47708,64517.0,-46301.0,4278,-5189
2024-10-01,1051400,-299994,68958,-52513,68721.0,-51134.0,-5559,-7503
2024-10-08,1045421,-326673,71979,-55850,71739.0,-53959.0,-4271,-23006
2024-10-15,1057716,-315768,68935,-58059,68724.0,-54939.0,7287,-21808
2024-10-22,1068142,-296241,69495,-49817,69311.0,-47702.0,13847,-21765
2024-10-29,1047689,-289253,69398,-44002,69191.0,-42330.0,24210,-40620
2024-11-05,994877,-189359,67510,-41013,67498.0,-38711.0,36085,-57747
2024-11-12,1080810,-274313,77098,-49252,76961.0,-48462.0,7248,-5708
2024-11-19,1081538,-251531,77321,-42143,77090.0,-39235.0,4560,-10478
2024-11-26,1102458,-304923,76227,-47779,76184.0,-44934.0,-7256,-6305
2024-12-03,1096475,-359412,79436,-52484,79210.0,-50624.0,-18114,5001
2024-12-10,1089433,-296652,79730,-48987,79449.0,-47228.0,-14904,144
2024-12-17,1040912,-256167,71949,-56028,71664.0,-54418.0,-4500,-23294
2024-12-24,1041084,-331703,65674,-43256,65457.0,-44340.0,-13262,4691
2024-12-31,984063,-324607,68867,-32438,68625.0,-32054.0,-1691,-15058
2025-01-07,991721,-338494,65207,-40281,65220.0,-39080.0,10,-22047
2025-01-14,925592,-297365,65475,-39470,65520.0,-37409.0,2099,-28497
2025-01-21,932733,-387675,61102,-40745,61010.0,-40152.0,6097,-35301
2025-01-28,964564,-396658,59125,-50154,59072.0,-49925.0,5236,-42020
2025-02-04,926604,-324354,59323,-48592,59246.0,-48752.0,-11103,-35779
2025-02-11,934564,-357946,65221,-52817,65213.0,-52304.0,-7972,-42016
2025-02-18,951019,-355590,66586,-68342,66455.0,-68221.0,2712,-40883
2025-02-25,921140,-336018,58723,-34834,58532.0,-27871.0,1788,-37475
2025-03-04,911504,-287980,48706,-20594,48530.0,-11655.0,5334,-40290
2025-03-11,846785,-193552,38854,-3943,38468.0,4666.0,18350,-43354
2025-03-18,831857,-188500,34160,-9218,33943.0,1057.0,25694,-28622
2025-03-25,915326,-234607,39998,-35447,39733.0,-35890.0,24692,-22040
2025-04-01,885480,-261161,47614,-32364,47450.0,-30542.0,11216,-28613
2025-04-08,813165,-267145,37430,1759,37227.0,5620.0,8876,-37538
2025-04-15,811300,-231469,40089,-21938,39825.0,-13393.0,17262,-26897
2025-04-22,813119,-251833,33754,-10929,33676.0,-328.0,21485,-35799
2025-04-29,829401,-249877,39860,-39618,39720.0,-26356.0,20530,-9146
2025-05-06,816162,-257439,41216,-52809,41109.0,-36670.0,20237,-13805
2025-05-13,856078,-288655,43363,-70624,43320.0,-53987.0,11776,7769
2025-05-20,873442,-298562,49331,-67016,49342.0,-52693.0,9687,-6384
2025-05-27,856077,-258551,51580,-60390,51383.0,-47768.0,7139,-14608
2025-06-03,813684,-286068,54553,-60693,54262.0,-50180.0,9880,-24303
2025-06-10,826131,-314263,53824,-51767,53684.0,-40915.0,13985,-33148
2025-06-17,846710,-324886,55322,-55416,55442.0,-44772.0,14347,-41431
2025-06-24,841246,-274322,49824,-29614,49978.0,-32010.0,11104,-41222
2025-07-01,840148,-306287,54963,-12517,55046.0,-15684.0,23723,-58477
2025-07-08,863537,-347635,61376,-7461,61386.0,-11089.0,32365,-73177
2025-07-15,866319,-344810,68187,-16585,68201.0,-20474.0,21347,-62642
2025-07-22,852268,-341309,65632,-21482,65417.0,-23929.0,22800,-82126
2025-07-29,872584,-365427,73497,-18599,73263.0,-21485.0,23382,-75303
2025-08-05,848981,-325243,76684,-15242,76562.0,-14625.0,21969,-79580
2025-08-12,886359,-386752,82306,-14297,82264.0,-16290.0,25354,-80981
2025-08-19,870592,-365341,82908,-18848,82988.0,-18739.0,37030,-89052
2025-08-26,871280,-420555,80220,-14323,80177.0,-16901.0,29836,-105832
2025-09-02,860828,-382255,75595,-18023,75622.0,-18630.0,21255,-104072
2025-09-09,887422,-416601,80123,-25239,79991.0,-25025.0,2831,-85209
2025-09-16,896300,-474986,82073,-24509,81873.0,-24004.0,5006,-90630
2025-09-23,913552,-451005,78291,-25946,78056.0,-26084.0,7587,-92894
2025-09-30,935794,-436972,79951,-2721,79712.0,-1624.0,-1411,-81205
2025-10-07,949105,-460173,84463,-9571,84200.0,-7214.0,-10766,-94726
2025-10-14,921903,-416548,83722,-9918,83437.0,-5097.0,-4032,-75217
2025-10-21,902735,-441001,82195,-657,82133.0,2044.0,17501,-74618
2025-10-28,906797,-448721,76617,10243,76269.0,11174.0,4368,-67938
2025-11-04,900657,-405386,80416,4505,79977.0,9130.0,4134,-78126
2025-11-10,903326,-423003,74237,11725,73854.0,17619.0,9128,-68072
2025-11-18,912051,-358907,77912,933,77522.0,10383.0,19955,-87297
2025-11-25,905294,-382958,77312,-2293,77156.0,9671.0,21930,-55110
2025-12-02,940497,-443224,77286,-15949,76920.0,-3040.0,4873,-45960
2025-12-09,960525,-450002,80771,-36094,80217.0,-21306.0,-244,-43520
2025-12-16,969485,-389167,81108,-23949,80482.0,-6974.0,-9324,-25596
2025-12-23,936903,-371060,76907,-13236,76322.0,-15142.0,-28712,-25029
2025-12-30,941968,-366841,81626,-23078,81201.0,-25674.0,-36591,-26991
2026-01-06,961339,-415904,81754,-14971,81161.0,-18451.0,-41430,-24445
2026-01-13,931300,-445980,84939,-20552,84342.0,-22748.0,-50183,-23657
2026-01-20,892394,-414085,80459,-28520,79982.0,-27012.0,-42648,-37226
2026-01-27,911628,-427002,79934,-16079,79357.0,-16838.0,-44184,-18778
2026-02-03,933226,-448125,73032,-15925,72324.0,-11380.0,-40770,-19701
2026-02-10,924696,-423704,72733,-13245,72147.0,-8601.0,-29623,-22473
2026-02-17,976865,-464292,74365,-16655,73841.0,-9316.0,-25817,-27164
2026-02-24,1013144,-475380,70161,-24257,69294.0,-16554.0,-17380,-29380
2026-03-03,1004768,-406340,68618,-32581,67583.0,-21789.0,-24473,-31212
2026-03-10,898852,-349989,65518,-33944,64421.0,-25167.0,10161,-64803
2026-03-17,886828,-340507,61391,-41041,60251.0,-31462.0,18408,-64625
2026-03-24,878391,-344127,51458,-42626,50270.0,-39379.0,3911,-40460
2026-03-31,915718,-233412,58591,-41577,57650.0,-37103.0,11386,-42246
2026-04-07,940435,-244483,58535,-45034,57581.0,-38828.0,15570,-44959
2026-04-14,1003143,-420356,77297,-58892,76305.0,-49667.0,1269,-29822
2026-04-21,1014927,-412321,85805,-54238,84291.0,-39000.0,-1198,-42383
2026-04-28,994815,-407490,80004,-55663,78698.0,-35950.0,-5779,-40321
2026-05-05,1009888,-405875,86653,-56339,85132.0,-36100.0,-10049,-38803
2026-05-12,1054872,-432438,91644,-73737,90218.0,-52042.0,-1882,-47579
2026-05-19,1005420,-401554,93680,-65822,92301.0,-45371.0,-1887,-51904
2026-05-26,1003607,-457780,86459,-70676,85063.0,-51679.0,367,-49336
2026-06-02,981859,-500732,80280,-74838,79091.0,-53650.0,-12516,-33033
