DATE,DSPX
06/19/2014,17.810000
06/20/2014,17.370000
06/23/2014,17.700000
06/24/2014,16.590000
06/25/2014,17.780000
06/26/2014,17.430000
06/27/2014,18.090000
06/30/2014,19.410000
07/01/2014,19.430000
07/02/2014,19.540000
07/03/2014,20.600000
07/07/2014,20.270000
07/08/2014,21.150000
07/09/2014,21.940000
07/10/2014,20.320000
07/11/2014,20.610000
07/14/2014,20.790000
07/15/2014,21.150000
07/16/2014,21.700000
07/17/2014,20.370000
07/18/2014,20.140000
07/21/2014,20.550000
07/22/2014,20.020000
07/23/2014,17.540000
07/24/2014,17.000000
07/25/2014,16.180000
07/28/2014,16.700000
07/29/2014,15.710000
07/30/2014,15.470000
07/31/2014,15.100000
08/01/2014,16.160000
08/04/2014,17.360000
08/05/2014,16.850000
08/06/2014,17.500000
08/07/2014,15.920000
08/08/2014,16.390000
08/11/2014,16.980000
08/12/2014,16.280000
08/13/2014,15.870000
08/14/2014,15.710000
08/15/2014,14.760000
08/18/2014,14.670000
08/19/2014,14.140000
08/20/2014,14.300000
08/21/2014,14.240000
08/22/2014,14.300000
08/25/2014,14.820000
08/26/2014,14.760000
08/27/2014,14.880000
08/28/2014,15.120000
08/29/2014,15.430000
09/02/2014,16.140000
09/03/2014,18.140000
09/04/2014,17.500000
09/05/2014,18.000000
09/08/2014,18.180000
09/09/2014,17.200000
09/10/2014,16.800000
09/11/2014,16.440000
09/12/2014,16.860000
09/15/2014,16.830000
09/16/2014,17.180000
09/17/2014,16.850000
09/18/2014,19.910000
09/19/2014,19.310000
09/22/2014,18.790000
09/23/2014,18.320000
09/24/2014,18.960000
09/25/2014,19.580000
09/26/2014,19.290000
09/29/2014,20.170000
09/30/2014,20.010000
10/01/2014,21.260000
10/02/2014,21.670000
10/03/2014,21.490000
10/06/2014,21.810000
10/07/2014,21.900000
10/08/2014,23.100000
10/09/2014,22.150000
10/10/2014,22.920000
10/13/2014,25.000000
10/14/2014,25.250000
10/15/2014,26.570000
10/16/2014,26.440000
10/17/2014,24.510000
10/20/2014,24.880000
10/21/2014,22.610000
10/22/2014,21.420000
10/23/2014,21.210000
10/24/2014,19.860000
10/27/2014,20.790000
10/28/2014,20.690000
10/29/2014,19.530000
10/30/2014,19.130000
10/31/2014,19.080000
11/03/2014,19.210000
11/04/2014,19.180000
11/05/2014,19.700000
11/06/2014,19.530000
11/07/2014,19.450000
11/10/2014,19.370000
11/11/2014,18.700000
11/12/2014,18.860000
11/13/2014,18.690000
11/14/2014,19.560000
11/17/2014,20.470000
11/18/2014,20.030000
11/19/2014,19.360000
11/20/2014,19.640000
11/21/2014,19.670000
11/24/2014,18.620000
11/25/2014,18.980000
11/26/2014,19.090000
11/28/2014,19.730000
12/01/2014,21.340000
12/02/2014,21.450000
12/03/2014,21.290000
12/04/2014,21.340000
12/05/2014,21.160000
12/08/2014,22.090000
12/09/2014,22.050000
12/10/2014,22.170000
12/11/2014,18.600000
12/12/2014,20.400000
12/15/2014,23.880000
12/16/2014,23.720000
12/17/2014,24.650000
12/18/2014,21.570000
12/19/2014,20.370000
12/22/2014,20.730000
12/23/2014,20.820000
12/24/2014,21.220000
12/26/2014,21.120000
12/29/2014,21.510000
12/30/2014,20.820000
12/31/2014,19.060000
01/02/2015,21.730000
01/05/2015,22.620000
01/06/2015,22.870000
01/07/2015,23.220000
01/08/2015,24.820000
01/09/2015,24.440000
01/12/2015,24.400000
01/13/2015,23.610000
01/14/2015,23.250000
01/15/2015,23.290000
01/16/2015,22.700000
01/20/2015,21.880000
01/21/2015,21.390000
01/22/2015,21.630000
01/23/2015,20.940000
01/26/2015,22.910000
01/27/2015,22.740000
01/28/2015,20.550000
01/29/2015,20.220000
01/30/2015,17.580000
02/02/2015,19.460000
02/03/2015,19.790000
02/04/2015,18.850000
02/05/2015,18.430000
02/06/2015,17.630000
02/09/2015,18.100000
02/10/2015,18.190000
02/11/2015,16.650000
02/12/2015,17.910000
02/13/2015,17.900000
02/17/2015,18.330000
02/18/2015,18.150000
02/19/2015,18.030000
02/20/2015,18.210000
02/23/2015,17.810000
02/24/2015,17.890000
02/25/2015,17.900000
02/26/2015,18.190000
02/27/2015,18.450000
03/02/2015,19.190000
03/03/2015,18.860000
03/04/2015,19.030000
03/05/2015,19.120000
03/06/2015,19.110000
03/09/2015,19.510000
03/10/2015,19.750000
03/11/2015,17.660000
03/12/2015,18.520000
03/13/2015,18.760000
03/16/2015,19.500000
03/17/2015,19.300000
03/18/2015,19.740000
03/19/2015,19.370000
03/20/2015,18.840000
03/23/2015,19.040000
03/24/2015,18.740000
03/25/2015,19.620000
03/26/2015,20.200000
03/27/2015,21.090000
03/30/2015,21.350000
03/31/2015,21.410000
04/01/2015,21.950000
04/02/2015,21.760000
04/06/2015,22.750000
04/07/2015,22.100000
04/08/2015,23.650000
04/09/2015,23.920000
04/10/2015,23.980000
04/13/2015,23.780000
04/14/2015,23.920000
04/15/2015,23.740000
04/16/2015,23.520000
04/17/2015,23.950000
04/20/2015,22.270000
04/21/2015,22.010000
04/22/2015,22.100000
04/23/2015,21.280000
04/24/2015,20.350000
04/27/2015,20.420000
04/28/2015,20.020000
04/29/2015,20.050000
04/30/2015,20.080000
05/01/2015,19.800000
05/04/2015,18.940000
05/05/2015,18.730000
05/06/2015,17.980000
05/07/2015,17.070000
05/08/2015,17.010000
05/11/2015,16.650000
05/12/2015,17.170000
05/13/2015,16.440000
05/14/2015,16.440000
05/15/2015,16.270000
05/18/2015,14.940000
05/19/2015,14.970000
05/20/2015,15.100000
05/21/2015,15.470000
05/22/2015,14.970000
05/26/2015,15.790000
05/27/2015,15.860000
05/28/2015,15.730000
05/29/2015,15.580000
06/01/2015,15.220000
06/02/2015,15.200000
06/03/2015,15.470000
06/04/2015,15.490000
06/05/2015,16.040000
06/08/2015,15.960000
06/09/2015,16.370000
06/10/2015,14.490000
06/11/2015,15.010000
06/12/2015,15.010000
06/15/2015,15.610000
06/16/2015,15.880000
06/17/2015,16.540000
06/18/2015,16.480000
06/19/2015,15.760000
06/22/2015,15.360000
06/23/2015,16.560000
06/24/2015,16.270000
06/25/2015,16.130000
06/26/2015,16.540000
06/29/2015,16.450000
06/30/2015,16.720000
07/01/2015,18.050000
07/02/2015,17.540000
07/06/2015,18.730000
07/07/2015,20.330000
07/08/2015,20.200000
07/09/2015,20.820000
07/10/2015,21.670000
07/13/2015,22.060000
07/14/2015,21.870000
07/15/2015,21.520000
07/16/2015,21.210000
07/17/2015,22.470000
07/20/2015,23.590000
07/21/2015,23.050000
07/22/2015,21.800000
07/23/2015,22.240000
07/24/2015,22.320000
07/27/2015,22.070000
07/28/2015,22.140000
07/29/2015,21.250000
07/30/2015,20.040000
07/31/2015,20.380000
08/03/2015,21.320000
08/04/2015,21.530000
08/05/2015,21.290000
08/06/2015,22.190000
08/07/2015,22.610000
08/10/2015,21.750000
08/11/2015,22.940000
08/12/2015,22.190000
08/13/2015,21.430000
08/14/2015,21.250000
08/17/2015,21.400000
08/18/2015,20.650000
08/19/2015,20.880000
08/20/2015,22.960000
08/21/2015,23.790000
08/24/2015,23.710000
08/25/2015,23.820000
08/26/2015,24.310000
08/27/2015,24.080000
08/28/2015,23.190000
08/31/2015,23.940000
09/01/2015,26.540000
09/02/2015,26.300000
09/03/2015,25.220000
09/04/2015,25.410000
09/08/2015,25.560000
09/09/2015,21.320000
09/10/2015,23.310000
09/11/2015,23.470000
09/14/2015,24.170000
09/15/2015,23.030000
09/16/2015,22.400000
09/17/2015,21.130000
09/18/2015,21.040000
09/21/2015,21.300000
09/22/2015,22.200000
09/23/2015,22.480000
09/24/2015,23.800000
09/25/2015,23.200000
09/28/2015,25.820000
09/29/2015,27.020000
09/30/2015,26.540000
10/01/2015,26.820000
10/02/2015,26.900000
10/05/2015,26.990000
10/06/2015,26.950000
10/07/2015,29.610000
10/08/2015,29.860000
10/09/2015,29.160000
10/12/2015,28.810000
10/13/2015,28.530000
10/14/2015,27.440000
10/15/2015,27.180000
10/16/2015,26.640000
10/19/2015,26.370000
10/20/2015,26.540000
10/21/2015,26.330000
10/22/2015,26.390000
10/23/2015,24.090000
10/26/2015,25.340000
10/27/2015,24.790000
10/28/2015,22.550000
10/29/2015,22.320000
10/30/2015,21.500000
11/02/2015,21.700000
11/03/2015,21.230000
11/04/2015,21.080000
11/05/2015,21.230000
11/06/2015,21.120000
11/09/2015,20.960000
11/10/2015,21.330000
11/11/2015,19.210000
11/12/2015,19.220000
11/13/2015,19.530000
11/16/2015,22.140000
11/17/2015,20.890000
11/18/2015,20.900000
11/19/2015,21.320000
11/20/2015,20.900000
11/23/2015,19.740000
11/24/2015,20.220000
11/25/2015,19.740000
11/27/2015,20.540000
11/30/2015,20.060000
12/01/2015,20.770000
12/02/2015,20.440000
12/03/2015,20.570000
12/04/2015,21.300000
12/07/2015,21.600000
12/08/2015,22.320000
12/09/2015,19.430000
12/10/2015,19.220000
12/11/2015,19.120000
12/14/2015,22.790000
12/15/2015,22.310000
12/16/2015,21.760000
12/17/2015,21.180000
12/18/2015,21.110000
12/21/2015,20.510000
12/22/2015,20.380000
12/23/2015,20.250000
12/24/2015,20.210000
12/28/2015,21.180000
12/29/2015,20.930000
12/30/2015,20.640000
12/31/2015,20.820000
01/04/2016,24.180000
01/05/2016,24.310000
01/06/2016,25.920000
01/07/2016,25.250000
01/08/2016,23.440000
01/11/2016,25.600000
01/12/2016,25.460000
01/13/2016,25.420000
01/14/2016,25.070000
01/15/2016,25.880000
01/19/2016,25.610000
01/20/2016,27.570000
01/21/2016,25.750000
01/22/2016,25.610000
01/25/2016,26.350000
01/26/2016,26.970000
01/27/2016,26.480000
01/28/2016,26.550000
01/29/2016,23.390000
02/01/2016,23.800000
02/02/2016,22.660000
02/03/2016,23.980000
02/04/2016,23.660000
02/05/2016,25.430000
02/08/2016,26.700000
02/09/2016,26.620000
02/10/2016,24.790000
02/11/2016,24.420000
02/12/2016,24.940000
02/16/2016,24.310000
02/17/2016,23.250000
02/18/2016,23.810000
02/19/2016,23.120000
02/22/2016,21.660000
02/23/2016,21.010000
02/24/2016,22.010000
02/25/2016,21.960000
02/26/2016,21.490000
02/29/2016,21.250000
03/01/2016,21.110000
03/02/2016,21.360000
03/03/2016,21.190000
03/04/2016,20.900000
03/07/2016,21.960000
03/08/2016,21.520000
03/09/2016,19.600000
03/10/2016,20.430000
03/11/2016,20.670000
03/14/2016,21.120000
03/15/2016,20.940000
03/16/2016,21.710000
03/17/2016,20.730000
03/18/2016,21.340000
03/21/2016,19.940000
03/22/2016,20.020000
03/23/2016,19.770000
03/24/2016,20.390000
03/28/2016,21.550000
03/29/2016,21.860000
03/30/2016,21.570000
03/31/2016,21.760000
04/01/2016,22.500000
04/04/2016,22.850000
04/05/2016,23.350000
04/06/2016,24.710000
04/07/2016,24.820000
04/08/2016,24.490000
04/11/2016,24.580000
04/12/2016,25.150000
04/13/2016,24.310000
04/14/2016,24.250000
04/15/2016,24.740000
04/18/2016,23.620000
04/19/2016,23.180000
04/20/2016,22.710000
04/21/2016,22.890000
04/22/2016,21.610000
04/25/2016,21.370000
04/26/2016,21.440000
04/27/2016,20.610000
04/28/2016,20.500000
04/29/2016,19.900000
05/02/2016,20.230000
05/03/2016,19.960000
05/04/2016,19.830000
05/05/2016,19.840000
05/06/2016,20.220000
05/09/2016,20.220000
05/10/2016,19.420000
05/11/2016,17.140000
05/12/2016,18.210000
05/13/2016,18.310000
05/16/2016,19.110000
05/17/2016,18.750000
05/18/2016,18.670000
05/19/2016,19.570000
05/20/2016,18.010000
05/23/2016,16.400000
05/24/2016,16.390000
05/25/2016,16.600000
05/26/2016,16.580000
05/27/2016,16.470000
05/31/2016,17.000000
06/01/2016,16.960000
06/02/2016,17.070000
06/03/2016,16.910000
06/06/2016,17.700000
06/07/2016,17.030000
06/08/2016,15.140000
06/09/2016,15.340000
06/10/2016,14.610000
06/13/2016,13.900000
06/14/2016,16.200000
06/15/2016,15.590000
06/16/2016,19.510000
06/17/2016,19.530000
06/20/2016,17.850000
06/21/2016,17.870000
06/22/2016,17.630000
06/23/2016,18.340000
06/24/2016,18.530000
06/27/2016,22.110000
06/28/2016,21.290000
06/29/2016,20.830000
06/30/2016,21.040000
07/01/2016,21.430000
07/05/2016,23.370000
07/06/2016,25.530000
07/07/2016,25.400000
07/08/2016,24.640000
07/11/2016,24.120000
07/12/2016,24.390000
07/13/2016,24.040000
07/14/2016,23.890000
07/15/2016,23.450000
07/18/2016,22.880000
07/19/2016,23.090000
07/20/2016,22.220000
07/21/2016,21.990000
07/22/2016,21.440000
07/25/2016,21.860000
07/26/2016,21.680000
07/27/2016,21.100000
07/28/2016,20.180000
07/29/2016,17.580000
08/01/2016,18.000000
08/02/2016,18.650000
08/03/2016,18.080000
08/04/2016,17.760000
08/05/2016,18.220000
08/08/2016,18.370000
08/09/2016,17.670000
08/10/2016,15.300000
08/11/2016,15.650000
08/12/2016,15.590000
08/15/2016,16.650000
08/16/2016,16.900000
08/17/2016,17.760000
08/18/2016,17.800000
08/19/2016,16.960000
08/22/2016,15.520000
08/23/2016,15.420000
08/24/2016,15.810000
08/25/2016,16.420000
08/26/2016,16.250000
08/29/2016,17.010000
08/30/2016,17.360000
08/31/2016,17.610000
09/01/2016,17.900000
09/02/2016,18.120000
09/06/2016,19.320000
09/07/2016,15.920000
09/08/2016,15.840000
09/09/2016,14.750000
09/12/2016,17.340000
09/13/2016,16.550000
09/14/2016,14.520000
09/15/2016,15.710000
09/16/2016,15.590000
09/19/2016,15.990000
09/20/2016,16.220000
09/21/2016,17.420000
09/22/2016,17.800000
09/23/2016,18.570000
09/26/2016,19.660000
09/27/2016,20.180000
09/28/2016,20.570000
09/29/2016,21.270000
09/30/2016,20.860000
10/03/2016,22.070000
10/04/2016,22.500000
10/05/2016,22.920000
10/06/2016,23.240000
10/07/2016,22.950000
10/10/2016,23.270000
10/11/2016,23.330000
10/12/2016,24.030000
10/13/2016,24.020000
10/14/2016,24.130000
10/17/2016,24.500000
10/18/2016,24.360000
10/19/2016,24.920000
10/20/2016,24.410000
10/21/2016,25.190000
10/24/2016,23.830000
10/25/2016,23.260000
10/26/2016,22.220000
10/27/2016,21.450000
10/28/2016,19.720000
10/31/2016,19.120000
11/01/2016,19.980000
11/02/2016,19.130000
11/03/2016,16.150000
11/04/2016,15.680000
11/07/2016,17.480000
11/08/2016,17.300000
11/09/2016,17.710000
11/10/2016,20.540000
11/11/2016,20.750000
11/14/2016,23.380000
11/15/2016,22.500000
11/16/2016,22.280000
11/17/2016,21.820000
11/18/2016,21.020000
11/21/2016,19.360000
11/22/2016,19.620000
11/23/2016,19.320000
11/25/2016,19.820000
11/28/2016,20.200000
11/29/2016,20.210000
11/30/2016,20.280000
12/01/2016,21.660000
12/02/2016,20.800000
12/05/2016,21.060000
12/06/2016,21.100000
12/07/2016,18.710000
12/08/2016,19.340000
12/09/2016,19.380000
12/12/2016,20.170000
12/13/2016,19.990000
12/14/2016,19.330000
12/15/2016,19.630000
12/16/2016,19.330000
12/19/2016,19.150000
12/20/2016,19.050000
12/21/2016,19.210000
12/22/2016,18.450000
12/23/2016,18.320000
12/27/2016,19.860000
12/28/2016,20.180000
12/29/2016,20.240000
12/30/2016,21.020000
01/03/2017,22.310000
01/04/2017,22.340000
01/05/2017,22.420000
01/06/2017,22.290000
01/09/2017,23.050000
01/10/2017,22.810000
01/11/2017,22.890000
01/12/2017,23.200000
01/13/2017,22.530000
01/17/2017,23.120000
01/18/2017,22.370000
01/19/2017,21.840000
01/20/2017,21.120000
01/23/2017,20.120000
01/24/2017,20.280000
01/25/2017,20.220000
01/26/2017,20.630000
01/27/2017,18.650000
01/30/2017,19.490000
01/31/2017,19.290000
02/01/2017,18.970000
02/02/2017,18.280000
02/03/2017,17.120000
02/06/2017,16.780000
02/07/2017,16.500000
02/08/2017,14.980000
02/09/2017,14.990000
02/10/2017,14.540000
02/13/2017,15.190000
02/14/2017,15.890000
02/15/2017,15.410000
02/16/2017,15.190000
02/17/2017,15.300000
02/21/2017,14.580000
02/22/2017,14.650000
02/23/2017,14.590000
02/24/2017,15.070000
02/27/2017,15.020000
02/28/2017,14.890000
03/01/2017,14.640000
03/02/2017,15.280000
03/03/2017,15.160000
03/06/2017,15.460000
03/07/2017,15.210000
03/08/2017,13.500000
03/09/2017,13.660000
03/10/2017,13.870000
03/13/2017,14.580000
03/14/2017,13.990000
03/15/2017,14.020000
03/16/2017,13.600000
03/17/2017,12.710000
03/20/2017,11.970000
03/21/2017,13.470000
03/22/2017,13.280000
03/23/2017,13.810000
03/24/2017,14.120000
03/27/2017,15.470000
03/28/2017,15.490000
03/29/2017,15.530000
03/30/2017,15.460000
03/31/2017,15.000000
04/03/2017,16.200000
04/04/2017,16.810000
04/05/2017,17.130000
04/06/2017,17.280000
04/07/2017,17.390000
04/10/2017,17.690000
04/11/2017,17.970000
04/12/2017,18.330000
04/13/2017,17.670000
04/17/2017,18.560000
04/18/2017,19.360000
04/19/2017,18.230000
04/20/2017,18.060000
04/21/2017,17.950000
04/24/2017,17.910000
04/25/2017,18.260000
04/26/2017,18.620000
04/27/2017,18.590000
04/28/2017,16.020000
05/01/2017,16.580000
05/02/2017,16.450000
05/03/2017,15.560000
05/04/2017,15.540000
05/05/2017,14.960000
05/08/2017,15.860000
05/09/2017,16.090000
05/10/2017,14.450000
05/11/2017,14.350000
05/12/2017,15.160000
05/15/2017,15.130000
05/16/2017,14.860000
05/17/2017,15.430000
05/18/2017,15.060000
05/19/2017,15.170000
05/22/2017,14.690000
05/23/2017,14.890000
05/24/2017,15.220000
05/25/2017,15.100000
05/26/2017,15.040000
05/30/2017,15.880000
05/31/2017,16.100000
06/01/2017,15.990000
06/02/2017,16.100000
06/05/2017,16.360000
06/06/2017,16.030000
06/07/2017,14.530000
06/08/2017,15.150000
06/09/2017,17.350000
06/12/2017,17.940000
06/13/2017,16.880000
06/14/2017,16.430000
06/15/2017,17.190000
06/16/2017,16.480000
06/19/2017,16.290000
06/20/2017,16.780000
06/21/2017,17.410000
06/22/2017,18.730000
06/23/2017,18.560000
06/26/2017,20.050000
06/27/2017,20.930000
06/28/2017,20.890000
06/29/2017,22.000000
06/30/2017,20.960000
07/03/2017,22.120000
07/05/2017,22.270000
07/06/2017,22.020000
07/07/2017,21.890000
07/10/2017,22.550000
07/11/2017,22.490000
07/12/2017,22.980000
07/13/2017,22.880000
07/14/2017,22.450000
07/17/2017,22.800000
07/18/2017,23.210000
07/19/2017,23.280000
07/20/2017,23.230000
07/21/2017,22.200000
07/24/2017,22.050000
07/25/2017,21.490000
07/26/2017,20.960000
07/27/2017,21.000000
07/28/2017,19.260000
07/31/2017,19.320000
08/01/2017,19.150000
08/02/2017,18.640000
08/03/2017,18.360000
08/04/2017,18.090000
08/07/2017,18.510000
08/08/2017,18.670000
08/09/2017,17.430000
08/10/2017,16.620000
08/11/2017,16.200000
08/14/2017,16.670000
08/15/2017,17.170000
08/16/2017,17.180000
08/17/2017,16.880000
08/18/2017,17.650000
08/21/2017,17.180000
08/22/2017,17.520000
08/23/2017,17.430000
08/24/2017,17.420000
08/25/2017,17.280000
08/28/2017,17.690000
08/29/2017,17.510000
08/30/2017,18.170000
08/31/2017,18.470000
09/01/2017,18.290000
09/05/2017,18.870000
09/06/2017,17.280000
09/07/2017,17.770000
09/08/2017,17.600000
09/11/2017,18.460000
09/12/2017,18.160000
09/13/2017,16.700000
09/14/2017,17.060000
09/15/2017,17.950000
09/18/2017,17.540000
09/19/2017,17.400000
09/20/2017,18.040000
09/21/2017,17.770000
09/22/2017,17.970000
09/25/2017,20.140000
09/26/2017,20.060000
09/27/2017,20.060000
09/28/2017,20.450000
09/29/2017,19.940000
10/02/2017,21.080000
10/03/2017,21.270000
10/04/2017,21.410000
10/05/2017,21.710000
10/06/2017,21.590000
10/09/2017,22.090000
10/10/2017,22.580000
10/11/2017,22.720000
10/12/2017,22.710000
10/13/2017,22.480000
10/16/2017,22.940000
10/17/2017,22.810000
10/18/2017,22.580000
10/19/2017,22.620000
10/20/2017,22.990000
10/23/2017,22.130000
10/24/2017,22.010000
10/25/2017,22.290000
10/26/2017,22.040000
10/27/2017,21.400000
10/30/2017,22.260000
10/31/2017,22.400000
11/01/2017,22.610000
11/02/2017,21.550000
11/03/2017,21.150000
11/06/2017,20.920000
11/07/2017,20.660000
11/08/2017,19.470000
11/09/2017,19.470000
11/10/2017,18.550000
11/13/2017,19.250000
11/14/2017,19.010000
11/15/2017,18.620000
11/16/2017,18.450000
11/17/2017,18.220000
11/20/2017,18.140000
11/21/2017,17.950000
11/22/2017,17.790000
11/24/2017,18.090000
11/27/2017,18.710000
11/28/2017,19.040000
11/29/2017,21.530000
11/30/2017,20.570000
12/01/2017,21.030000
12/04/2017,23.620000
12/05/2017,21.990000
12/06/2017,19.240000
12/07/2017,18.550000
12/08/2017,18.410000
12/11/2017,18.850000
12/12/2017,19.330000
12/13/2017,17.790000
12/14/2017,17.870000
12/15/2017,17.710000
12/18/2017,18.370000
12/19/2017,18.430000
12/20/2017,18.480000
12/21/2017,18.430000
12/22/2017,18.150000
12/26/2017,19.950000
12/27/2017,19.800000
12/28/2017,19.790000
12/29/2017,20.180000
01/02/2018,21.780000
01/03/2018,22.200000
01/04/2018,22.260000
01/05/2018,22.210000
01/08/2018,23.090000
01/09/2018,22.910000
01/10/2018,22.790000
01/11/2018,23.070000
01/12/2018,23.590000
01/16/2018,24.890000
01/17/2018,24.950000
01/18/2018,24.570000
01/19/2018,24.130000
01/22/2018,23.910000
01/23/2018,24.530000
01/24/2018,25.520000
01/25/2018,25.970000
01/26/2018,26.340000
01/29/2018,28.850000
01/30/2018,27.640000
01/31/2018,27.270000
02/01/2018,24.790000
02/02/2018,21.910000
02/05/2018,7.540000
02/06/2018,9.620000
02/07/2018,14.050000
02/08/2018,0.000000
02/09/2018,20.920000
02/12/2018,17.670000
02/13/2018,17.060000
02/14/2018,20.730000
02/15/2018,19.890000
02/16/2018,18.890000
02/20/2018,18.340000
02/21/2018,18.340000
02/22/2018,18.440000
02/23/2018,18.320000
02/26/2018,18.980000
02/27/2018,18.020000
02/28/2018,18.200000
03/01/2018,18.850000
03/02/2018,20.590000
03/05/2018,20.290000
03/06/2018,19.950000
03/07/2018,18.960000
03/08/2018,18.410000
03/09/2018,17.810000
03/12/2018,18.830000
03/13/2018,19.820000
03/14/2018,18.360000
03/15/2018,18.320000
03/16/2018,17.440000
03/19/2018,18.840000
03/20/2018,19.340000
03/21/2018,20.160000
03/22/2018,20.070000
03/23/2018,21.330000
03/26/2018,22.990000
03/27/2018,25.400000
03/28/2018,26.940000
03/29/2018,25.170000
04/02/2018,27.680000
04/03/2018,27.060000
04/04/2018,26.040000
04/05/2018,25.840000
04/06/2018,27.030000
04/09/2018,26.780000
04/10/2018,26.220000
04/11/2018,25.720000
04/12/2018,25.800000
04/13/2018,26.010000
04/16/2018,25.290000
04/17/2018,24.580000
04/18/2018,24.840000
04/19/2018,26.350000
04/20/2018,26.690000
04/23/2018,25.810000
04/24/2018,26.140000
04/25/2018,25.150000
04/26/2018,23.600000
04/27/2018,21.420000
04/30/2018,21.160000
05/01/2018,21.180000
05/02/2018,20.250000
05/03/2018,20.250000
05/04/2018,19.660000
05/07/2018,20.220000
05/08/2018,20.290000
05/09/2018,19.290000
05/10/2018,19.040000
05/11/2018,18.380000
05/14/2018,18.700000
05/15/2018,18.850000
05/16/2018,19.090000
05/17/2018,18.720000
05/18/2018,18.300000
05/21/2018,17.700000
05/22/2018,17.580000
05/23/2018,17.970000
05/24/2018,17.940000
05/25/2018,17.460000
05/29/2018,16.930000
05/30/2018,17.030000
05/31/2018,17.430000
06/01/2018,17.420000
06/04/2018,18.700000
06/05/2018,18.930000
06/06/2018,16.860000
06/07/2018,17.160000
06/08/2018,16.730000
06/11/2018,17.810000
06/12/2018,17.690000
06/13/2018,16.230000
06/14/2018,17.200000
06/15/2018,17.590000
06/18/2018,18.970000
06/19/2018,19.760000
06/20/2018,20.450000
06/21/2018,19.700000
06/22/2018,19.600000
06/25/2018,21.050000
06/26/2018,21.240000
06/27/2018,21.610000
06/28/2018,21.820000
06/29/2018,22.340000
07/02/2018,22.210000
07/03/2018,22.500000
07/05/2018,22.740000
07/06/2018,22.730000
07/09/2018,23.040000
07/10/2018,22.770000
07/11/2018,23.080000
07/12/2018,23.220000
07/13/2018,23.040000
07/16/2018,23.600000
07/17/2018,23.650000
07/18/2018,23.450000
07/19/2018,23.930000
07/20/2018,22.390000
07/23/2018,21.620000
07/24/2018,21.050000
07/25/2018,20.540000
07/26/2018,20.560000
07/27/2018,19.030000
07/30/2018,19.750000
07/31/2018,19.910000
08/01/2018,18.790000
08/02/2018,18.480000
08/03/2018,17.790000
08/06/2018,17.830000
08/07/2018,18.140000
08/08/2018,16.440000
08/09/2018,16.240000
08/10/2018,15.630000
08/13/2018,15.140000
08/14/2018,15.800000
08/15/2018,16.060000
08/16/2018,16.580000
08/17/2018,16.080000
08/20/2018,16.250000
08/21/2018,15.920000
08/22/2018,16.210000
08/23/2018,16.160000
08/24/2018,16.020000
08/27/2018,16.620000
08/28/2018,16.370000
08/29/2018,16.550000
08/30/2018,16.710000
08/31/2018,17.290000
09/04/2018,19.030000
09/05/2018,19.980000
09/06/2018,19.870000
09/07/2018,19.440000
09/10/2018,20.620000
09/11/2018,20.780000
09/12/2018,18.890000
09/13/2018,18.980000
09/14/2018,18.850000
09/17/2018,20.990000
09/18/2018,20.230000
09/19/2018,20.800000
09/20/2018,20.420000
09/21/2018,22.060000
09/24/2018,20.710000
09/25/2018,20.570000
09/26/2018,20.910000
09/27/2018,21.020000
09/28/2018,21.310000
10/01/2018,22.280000
10/02/2018,23.340000
10/03/2018,23.670000
10/04/2018,24.950000
10/05/2018,24.910000
10/08/2018,25.980000
10/09/2018,25.740000
10/10/2018,26.910000
10/11/2018,27.570000
10/12/2018,26.610000
10/15/2018,27.350000
10/16/2018,26.460000
10/17/2018,26.790000
10/18/2018,27.830000
10/19/2018,26.990000
10/22/2018,26.580000
10/23/2018,27.210000
10/24/2018,31.010000
10/25/2018,27.260000
10/26/2018,27.870000
10/29/2018,30.780000
10/30/2018,29.550000
10/31/2018,27.190000
11/01/2018,26.660000
11/02/2018,25.770000
11/05/2018,25.410000
11/06/2018,23.540000
11/07/2018,21.440000
11/08/2018,21.560000
11/09/2018,22.730000
11/12/2018,25.550000
11/13/2018,25.240000
11/14/2018,25.770000
11/15/2018,25.360000
11/16/2018,24.600000
11/19/2018,27.140000
11/20/2018,28.380000
11/21/2018,25.760000
11/23/2018,26.450000
11/26/2018,25.390000
11/27/2018,24.480000
11/28/2018,23.050000
11/29/2018,22.970000
11/30/2018,23.080000
12/03/2018,20.910000
12/04/2018,23.580000
12/06/2018,25.160000
12/07/2018,26.790000
12/10/2018,26.830000
12/11/2018,25.870000
12/12/2018,22.100000
12/13/2018,22.140000
12/14/2018,24.420000
12/17/2018,26.840000
12/18/2018,26.230000
12/19/2018,27.740000
12/20/2018,28.820000
12/21/2018,31.710000
12/24/2018,31.270000
12/26/2018,31.230000
12/27/2018,31.280000
12/28/2018,29.650000
12/31/2018,28.930000
01/02/2019,29.610000
01/03/2019,31.200000
01/04/2019,29.210000
01/07/2019,29.940000
01/08/2019,29.090000
01/09/2019,28.700000
01/10/2019,28.500000
01/11/2019,28.090000
01/14/2019,27.730000
01/15/2019,26.670000
01/16/2019,25.700000
01/17/2019,25.710000
01/18/2019,24.170000
01/22/2019,25.500000
01/23/2019,25.680000
01/24/2019,25.850000
01/25/2019,24.550000
01/28/2019,25.400000
01/29/2019,25.380000
01/30/2019,23.780000
01/31/2019,22.640000
02/01/2019,21.200000
02/04/2019,20.860000
02/05/2019,19.580000
02/06/2019,18.960000
02/07/2019,19.710000
02/08/2019,20.680000
02/11/2019,20.830000
02/12/2019,20.040000
02/13/2019,19.520000
02/14/2019,19.530000
02/15/2019,19.730000
02/19/2019,18.740000
02/20/2019,19.040000
02/21/2019,19.080000
02/22/2019,18.900000
02/25/2019,18.350000
02/26/2019,17.960000
02/27/2019,18.200000
02/28/2019,18.290000
03/01/2019,18.690000
03/04/2019,19.800000
03/05/2019,19.110000
03/06/2019,17.380000
03/07/2019,17.980000
03/08/2019,18.800000
03/11/2019,18.670000
03/12/2019,18.900000
03/13/2019,17.430000
03/14/2019,17.930000
03/15/2019,18.470000
03/18/2019,18.440000
03/19/2019,19.220000
03/20/2019,19.630000
03/21/2019,19.760000
03/22/2019,20.030000
03/25/2019,21.250000
03/26/2019,21.590000
03/27/2019,22.050000
03/28/2019,21.780000
03/29/2019,21.200000
04/01/2019,21.300000
04/02/2019,21.770000
04/03/2019,21.820000
04/04/2019,22.320000
04/05/2019,22.420000
04/08/2019,23.190000
04/09/2019,24.040000
04/10/2019,24.010000
04/11/2019,24.310000
04/12/2019,24.520000
04/15/2019,24.780000
04/16/2019,24.030000
04/17/2019,24.320000
04/18/2019,23.200000
04/22/2019,22.530000
04/23/2019,22.420000
04/24/2019,22.240000
04/25/2019,21.030000
04/26/2019,20.450000
04/29/2019,20.180000
04/30/2019,19.170000
05/01/2019,17.630000
05/02/2019,18.400000
05/03/2019,18.600000
05/06/2019,18.830000
05/07/2019,19.640000
05/08/2019,17.580000
05/09/2019,19.180000
05/10/2019,19.080000
05/13/2019,20.690000
05/14/2019,18.970000
05/15/2019,17.840000
05/16/2019,17.640000
05/17/2019,18.430000
05/20/2019,20.200000
05/21/2019,18.930000
05/22/2019,19.460000
05/23/2019,21.410000
05/24/2019,19.620000
05/28/2019,20.090000
05/29/2019,20.900000
05/30/2019,20.790000
05/31/2019,21.210000
06/03/2019,23.000000
06/04/2019,21.930000
06/05/2019,22.360000
06/06/2019,21.490000
06/07/2019,20.610000
06/10/2019,21.290000
06/11/2019,21.320000
06/12/2019,19.760000
06/13/2019,19.760000
06/14/2019,19.440000
06/17/2019,20.760000
06/18/2019,21.050000
06/19/2019,20.910000
06/20/2019,21.260000
06/21/2019,20.930000
06/24/2019,21.110000
06/25/2019,22.170000
06/26/2019,22.120000
06/27/2019,22.120000
06/28/2019,22.350000
07/01/2019,21.040000
07/02/2019,21.010000
07/03/2019,21.260000
07/05/2019,21.820000
07/08/2019,22.710000
07/09/2019,22.580000
07/10/2019,22.870000
07/11/2019,23.010000
07/12/2019,23.290000
07/15/2019,23.380000
07/16/2019,23.870000
07/17/2019,23.940000
07/18/2019,23.240000
07/19/2019,22.380000
07/22/2019,22.250000
07/23/2019,22.730000
07/24/2019,22.680000
07/25/2019,21.560000
07/26/2019,19.910000
07/29/2019,20.360000
07/30/2019,20.020000
07/31/2019,19.250000
08/01/2019,20.160000
08/02/2019,21.100000
08/05/2019,24.210000
08/06/2019,22.830000
08/07/2019,22.610000
08/08/2019,20.930000
08/09/2019,21.500000
08/12/2019,22.010000
08/13/2019,20.800000
08/14/2019,21.480000
08/15/2019,21.830000
08/16/2019,20.470000
08/19/2019,20.030000
08/20/2019,19.980000
08/21/2019,19.900000
08/22/2019,20.250000
08/23/2019,22.560000
08/26/2019,21.700000
08/27/2019,22.210000
08/28/2019,21.330000
08/29/2019,19.850000
08/30/2019,19.620000
09/03/2019,21.480000
09/04/2019,21.130000
09/05/2019,20.440000
09/06/2019,20.420000
09/09/2019,21.580000
09/10/2019,21.800000
09/11/2019,19.560000
09/12/2019,19.380000
09/13/2019,19.390000
09/16/2019,21.170000
09/17/2019,21.330000
09/18/2019,21.190000
09/19/2019,20.520000
09/20/2019,20.770000
09/23/2019,21.370000
09/24/2019,22.410000
09/25/2019,22.060000
09/26/2019,22.550000
09/27/2019,23.010000
09/30/2019,23.260000
10/01/2019,23.420000
10/02/2019,24.900000
10/03/2019,24.370000
10/04/2019,23.490000
10/07/2019,24.000000
10/08/2019,24.950000
10/09/2019,24.760000
10/10/2019,24.980000
10/11/2019,25.220000
10/14/2019,25.180000
10/15/2019,24.690000
10/16/2019,24.930000
10/17/2019,23.390000
10/18/2019,24.540000
10/21/2019,23.530000
10/22/2019,24.240000
10/23/2019,23.650000
10/24/2019,22.690000
10/25/2019,21.880000
10/28/2019,22.330000
10/29/2019,21.510000
10/30/2019,21.750000
10/31/2019,19.440000
11/01/2019,19.240000
11/04/2019,19.830000
11/05/2019,19.860000
11/06/2019,17.600000
11/07/2019,17.940000
11/08/2019,17.750000
11/11/2019,17.760000
11/12/2019,17.720000
11/13/2019,17.820000
11/14/2019,17.720000
11/15/2019,17.810000
11/18/2019,18.330000
11/19/2019,18.340000
11/20/2019,19.260000
11/21/2019,19.170000
11/22/2019,18.820000
11/25/2019,18.540000
11/26/2019,18.360000
11/27/2019,18.520000
11/29/2019,18.760000
12/02/2019,19.280000
12/03/2019,19.770000
12/04/2019,19.290000
12/05/2019,18.880000
12/06/2019,18.190000
12/09/2019,17.290000
12/10/2019,17.340000
12/11/2019,16.020000
12/12/2019,17.170000
12/13/2019,15.600000
12/16/2019,16.520000
12/17/2019,16.780000
12/18/2019,16.860000
12/19/2019,17.030000
12/20/2019,16.740000
12/23/2019,16.720000
12/24/2019,17.410000
12/26/2019,18.850000
12/27/2019,19.380000
12/30/2019,19.350000
12/31/2019,19.840000
01/02/2020,20.970000
01/03/2020,20.650000
01/06/2020,21.560000
01/07/2020,21.490000
01/08/2020,22.100000
01/09/2020,22.550000
01/10/2020,22.770000
01/13/2020,23.260000
01/14/2020,23.370000
01/15/2020,22.750000
01/16/2020,22.090000
01/17/2020,21.690000
01/21/2020,23.180000
01/22/2020,22.610000
01/23/2020,22.910000
01/24/2020,23.410000
01/27/2020,23.830000
01/28/2020,22.520000
01/29/2020,21.050000
01/30/2020,20.530000
01/31/2020,22.010000
02/03/2020,22.210000
02/04/2020,21.080000
02/05/2020,21.610000
02/06/2020,20.410000
02/07/2020,20.950000
02/10/2020,21.960000
02/11/2020,22.940000
02/12/2020,21.790000
02/13/2020,21.390000
02/14/2020,20.260000
02/18/2020,21.010000
02/19/2020,20.650000
02/20/2020,21.480000
02/21/2020,23.070000
02/24/2020,23.120000
02/25/2020,24.700000
02/26/2020,24.630000
02/27/2020,26.690000
02/28/2020,32.110000
03/02/2020,25.920000
03/03/2020,27.080000
03/04/2020,23.310000
03/05/2020,30.660000
03/06/2020,34.940000
03/09/2020,35.740000
03/10/2020,34.050000
03/11/2020,35.940000
03/12/2020,27.710000
03/13/2020,43.710000
03/16/2020,46.640000
03/17/2020,42.830000
03/18/2020,58.870000
03/19/2020,54.190000
03/20/2020,49.420000
03/23/2020,45.210000
03/24/2020,35.950000
03/25/2020,39.070000
03/26/2020,28.530000
03/27/2020,29.920000
03/30/2020,32.610000
03/31/2020,29.350000
04/01/2020,38.690000
04/02/2020,38.100000
04/03/2020,40.000000
04/06/2020,30.830000
04/07/2020,31.840000
04/08/2020,31.890000
04/09/2020,34.150000
04/13/2020,35.800000
04/14/2020,34.350000
04/15/2020,35.770000
04/16/2020,38.850000
04/17/2020,36.850000
04/20/2020,34.790000
04/21/2020,37.270000
04/22/2020,33.700000
04/23/2020,32.950000
04/24/2020,31.940000
04/27/2020,31.810000
04/28/2020,29.160000
04/29/2020,28.540000
04/30/2020,27.400000
05/01/2020,25.580000
05/04/2020,27.090000
05/05/2020,25.870000
05/06/2020,23.630000
05/07/2020,23.310000
05/08/2020,22.730000
05/11/2020,24.560000
05/12/2020,20.610000
05/13/2020,23.950000
05/14/2020,26.750000
05/15/2020,25.640000
05/18/2020,24.630000
05/19/2020,23.160000
05/20/2020,25.020000
05/21/2020,24.640000
05/22/2020,23.340000
05/26/2020,22.920000
05/27/2020,24.070000
05/28/2020,22.790000
05/29/2020,23.230000
06/01/2020,22.830000
06/02/2020,23.310000
06/03/2020,23.880000
06/04/2020,24.690000
06/05/2020,24.570000
06/08/2020,26.170000
06/09/2020,26.220000
06/10/2020,24.490000
06/11/2020,22.680000
06/12/2020,27.440000
06/15/2020,26.700000
06/16/2020,25.590000
06/17/2020,25.500000
06/18/2020,20.970000
06/19/2020,19.170000
06/22/2020,19.300000
06/23/2020,19.400000
06/24/2020,18.980000
06/25/2020,21.650000
06/26/2020,21.430000
06/29/2020,22.640000
06/30/2020,21.410000
07/01/2020,22.390000
07/02/2020,20.910000
07/06/2020,24.280000
07/07/2020,24.730000
07/08/2020,28.160000
07/09/2020,29.950000
07/10/2020,31.740000
07/13/2020,32.320000
07/14/2020,34.640000
07/15/2020,33.840000
07/16/2020,33.290000
07/17/2020,30.550000
07/20/2020,30.820000
07/21/2020,30.260000
07/22/2020,29.520000
07/23/2020,28.110000
07/24/2020,27.670000
07/27/2020,27.260000
07/28/2020,26.110000
07/29/2020,25.780000
07/30/2020,24.580000
07/31/2020,24.280000
08/03/2020,25.630000
08/04/2020,25.150000
08/05/2020,24.980000
08/06/2020,25.340000
08/07/2020,27.230000
08/10/2020,28.240000
08/11/2020,27.290000
08/12/2020,24.730000
08/13/2020,25.740000
08/14/2020,25.340000
08/17/2020,25.350000
08/18/2020,25.170000
08/19/2020,24.730000
08/20/2020,24.340000
08/21/2020,27.340000
08/24/2020,29.290000
08/25/2020,28.630000
08/26/2020,31.950000
08/27/2020,33.250000
08/28/2020,34.100000
08/31/2020,31.910000
09/01/2020,33.220000
09/02/2020,35.940000
09/03/2020,35.620000
09/04/2020,37.690000
09/08/2020,35.710000
09/09/2020,28.850000
09/10/2020,28.160000
09/11/2020,29.080000
09/14/2020,29.480000
09/15/2020,28.520000
09/16/2020,29.620000
09/17/2020,30.020000
09/18/2020,29.860000
09/21/2020,31.300000
09/22/2020,30.920000
09/23/2020,31.440000
09/24/2020,32.030000
09/25/2020,31.730000
09/28/2020,31.660000
09/29/2020,31.680000
09/30/2020,31.180000
10/01/2020,31.750000
10/02/2020,32.470000
10/05/2020,31.620000
10/06/2020,31.630000
10/07/2020,31.860000
10/08/2020,32.640000
10/09/2020,31.860000
10/12/2020,32.570000
10/13/2020,32.160000
10/14/2020,30.060000
10/15/2020,30.880000
10/16/2020,30.420000
10/19/2020,31.670000
10/20/2020,30.970000
10/21/2020,30.900000
10/22/2020,30.570000
10/23/2020,30.680000
10/26/2020,29.990000
10/27/2020,28.030000
10/28/2020,25.760000
10/29/2020,25.940000
10/30/2020,24.680000
11/02/2020,24.250000
11/03/2020,24.280000
11/04/2020,23.910000
11/05/2020,24.450000
11/06/2020,24.680000
11/09/2020,23.860000
11/10/2020,26.570000
11/11/2020,23.280000
11/12/2020,23.110000
11/13/2020,23.730000
11/16/2020,23.640000
11/17/2020,23.700000
11/18/2020,23.070000
11/19/2020,23.460000
11/20/2020,22.780000
11/23/2020,23.550000
11/24/2020,23.960000
11/25/2020,24.460000
11/27/2020,25.610000
11/30/2020,27.530000
12/01/2020,27.380000
12/02/2020,27.460000
12/03/2020,26.400000
12/04/2020,26.350000
12/07/2020,26.890000
12/08/2020,27.440000
12/09/2020,25.860000
12/10/2020,25.370000
12/11/2020,25.560000
12/14/2020,24.650000
12/15/2020,25.770000
12/16/2020,25.920000
12/17/2020,26.000000
12/18/2020,26.790000
12/21/2020,24.930000
12/22/2020,24.990000
12/23/2020,25.150000
12/24/2020,26.090000
12/28/2020,27.110000
12/29/2020,26.040000
12/30/2020,26.270000
12/31/2020,26.400000
01/04/2021,27.020000
01/05/2021,26.880000
01/06/2021,26.640000
01/07/2021,28.200000
01/08/2021,28.930000
01/11/2021,29.820000
01/12/2021,30.370000
01/13/2021,29.770000
01/14/2021,29.900000
01/15/2021,28.400000
01/19/2021,27.380000
01/20/2021,28.990000
01/21/2021,29.840000
01/22/2021,29.690000
01/25/2021,31.760000
01/26/2021,32.060000
01/27/2021,30.950000
01/28/2021,26.530000
01/29/2021,26.460000
02/01/2021,26.710000
02/02/2021,25.850000
02/03/2021,25.960000
02/04/2021,26.040000
02/05/2021,25.210000
02/08/2021,25.840000
02/09/2021,25.960000
02/10/2021,24.850000
02/11/2021,25.970000
02/12/2021,25.790000
02/16/2021,26.370000
02/17/2021,26.410000
02/18/2021,25.140000
02/19/2021,24.950000
02/22/2021,25.230000
02/23/2021,26.340000
02/24/2021,28.040000
02/25/2021,26.070000
02/26/2021,25.430000
03/01/2021,25.070000
03/02/2021,23.910000
03/03/2021,25.350000
03/04/2021,26.100000
03/05/2021,26.400000
03/08/2021,28.290000
03/09/2021,26.760000
03/10/2021,27.410000
03/11/2021,26.210000
03/12/2021,27.520000
03/15/2021,27.720000
03/16/2021,26.130000
03/17/2021,26.690000
03/18/2021,30.690000
03/19/2021,28.540000
03/22/2021,26.670000
03/23/2021,25.520000
03/24/2021,26.210000
03/25/2021,27.450000
03/26/2021,27.750000
03/29/2021,27.860000
03/30/2021,27.670000
03/31/2021,27.180000
04/01/2021,26.780000
04/05/2021,27.530000
04/06/2021,27.100000
04/07/2021,28.110000
04/08/2021,27.980000
04/09/2021,27.470000
04/12/2021,28.600000
04/13/2021,28.930000
04/14/2021,28.260000
04/15/2021,28.030000
04/16/2021,27.680000
04/19/2021,28.490000
04/20/2021,28.640000
04/21/2021,27.640000
04/22/2021,27.460000
04/23/2021,26.270000
04/26/2021,26.700000
04/27/2021,26.160000
04/28/2021,24.840000
04/29/2021,23.230000
04/30/2021,21.720000
05/03/2021,21.990000
05/04/2021,23.720000
05/05/2021,23.100000
05/06/2021,23.440000
05/07/2021,22.890000
05/10/2021,24.150000
05/11/2021,24.300000
05/12/2021,23.360000
05/13/2021,24.380000
05/14/2021,22.680000
05/17/2021,24.130000
05/18/2021,22.840000
05/19/2021,24.170000
05/20/2021,22.140000
05/21/2021,22.090000
05/24/2021,20.870000
05/25/2021,20.920000
05/26/2021,21.310000
05/27/2021,22.060000
05/28/2021,20.800000
06/01/2021,21.660000
06/02/2021,21.940000
06/03/2021,22.490000
06/04/2021,21.930000
06/07/2021,22.270000
06/08/2021,21.840000
06/09/2021,19.610000
06/10/2021,20.050000
06/11/2021,19.350000
06/14/2021,20.700000
06/15/2021,20.320000
06/16/2021,20.520000
06/17/2021,21.110000
06/18/2021,21.040000
06/21/2021,22.070000
06/22/2021,22.630000
06/23/2021,23.120000
06/24/2021,23.330000
06/25/2021,23.720000
06/28/2021,25.040000
06/29/2021,24.630000
06/30/2021,25.340000
07/01/2021,24.910000
07/02/2021,24.470000
07/06/2021,26.400000
07/07/2021,27.350000
07/08/2021,27.010000
07/09/2021,26.930000
07/12/2021,26.480000
07/13/2021,26.280000
07/14/2021,25.190000
07/15/2021,25.600000
07/16/2021,24.800000
07/19/2021,25.320000
07/20/2021,24.630000
07/21/2021,25.240000
07/22/2021,25.270000
07/23/2021,24.780000
07/26/2021,25.560000
07/27/2021,25.310000
07/28/2021,23.590000
07/29/2021,22.060000
07/30/2021,21.360000
08/02/2021,20.880000
08/03/2021,22.420000
08/04/2021,22.630000
08/05/2021,22.280000
08/06/2021,21.950000
08/09/2021,21.700000
08/10/2021,21.900000
08/11/2021,20.720000
08/12/2021,21.080000
08/13/2021,20.830000
08/16/2021,22.250000
08/17/2021,23.380000
08/18/2021,21.260000
08/19/2021,22.070000
08/20/2021,22.390000
08/23/2021,21.790000
08/24/2021,21.270000
08/25/2021,21.500000
08/26/2021,20.530000
08/27/2021,20.830000
08/30/2021,21.760000
08/31/2021,22.070000
09/01/2021,21.850000
09/02/2021,21.840000
09/03/2021,21.230000
09/07/2021,21.960000
09/08/2021,21.590000
09/09/2021,20.780000
09/10/2021,20.420000
09/13/2021,22.030000
09/14/2021,22.360000
09/15/2021,22.010000
09/16/2021,21.840000
09/17/2021,21.170000
09/20/2021,24.700000
09/21/2021,23.740000
09/22/2021,23.170000
09/23/2021,23.040000
09/24/2021,22.970000
09/27/2021,23.950000
09/28/2021,25.440000
09/29/2021,25.460000
09/30/2021,26.040000
10/01/2021,25.850000
10/04/2021,28.140000
10/05/2021,26.930000
10/06/2021,27.740000
10/07/2021,26.470000
10/08/2021,26.170000
10/11/2021,26.910000
10/12/2021,27.440000
10/13/2021,25.170000
10/14/2021,24.170000
10/15/2021,23.320000
10/18/2021,23.720000
10/19/2021,23.920000
10/20/2021,24.290000
10/21/2021,24.590000
10/22/2021,24.970000
10/25/2021,26.760000
10/26/2021,26.540000
10/27/2021,25.780000
10/28/2021,26.730000
10/29/2021,26.300000
11/01/2021,27.300000
11/02/2021,27.840000
11/03/2021,28.280000
11/04/2021,29.810000
11/05/2021,29.460000
11/08/2021,29.100000
11/09/2021,29.770000
11/10/2021,26.730000
11/11/2021,25.840000
11/12/2021,26.740000
11/15/2021,27.460000
11/16/2021,26.880000
11/17/2021,27.300000
11/18/2021,27.560000
11/19/2021,27.680000
11/22/2021,27.980000
11/23/2021,29.530000
11/24/2021,28.970000
11/26/2021,26.550000
11/29/2021,28.070000
11/30/2021,27.410000
12/01/2021,25.410000
12/02/2021,28.670000
12/03/2021,31.250000
12/06/2021,29.790000
12/07/2021,28.700000
12/08/2021,27.800000
12/09/2021,27.580000
12/10/2021,27.240000
12/13/2021,29.050000
12/14/2021,28.990000
12/15/2021,28.550000
12/16/2021,30.320000
12/17/2021,29.200000
12/20/2021,29.640000
12/21/2021,26.640000
12/22/2021,26.790000
12/23/2021,26.800000
12/27/2021,28.360000
12/28/2021,28.120000
12/29/2021,27.770000
12/30/2021,27.120000
12/31/2021,26.950000
01/03/2022,29.050000
01/04/2022,29.350000
01/05/2022,30.390000
01/06/2022,30.020000
01/07/2022,30.360000
01/10/2022,32.050000
01/11/2022,30.420000
01/12/2022,29.580000
01/13/2022,31.270000
01/14/2022,30.410000
01/18/2022,31.750000
01/19/2022,30.840000
01/20/2022,30.070000
01/21/2022,32.680000
01/24/2022,37.900000
01/25/2022,37.800000
01/26/2022,35.080000
01/27/2022,33.320000
01/28/2022,30.630000
01/31/2022,29.620000
02/01/2022,30.210000
02/02/2022,30.700000
02/03/2022,32.540000
02/04/2022,29.690000
02/07/2022,30.530000
02/08/2022,29.200000
02/09/2022,26.860000
02/10/2022,26.560000
02/11/2022,27.840000
02/14/2022,28.510000
02/15/2022,27.500000
02/16/2022,27.680000
02/17/2022,28.220000
02/18/2022,27.960000
02/22/2022,28.010000
02/23/2022,28.710000
02/24/2022,29.190000
02/25/2022,25.930000
02/28/2022,27.340000
03/01/2022,28.270000
03/02/2022,26.100000
03/03/2022,27.210000
03/04/2022,29.910000
03/07/2022,30.920000
03/08/2022,30.940000
03/09/2022,27.440000
03/10/2022,29.010000
03/11/2022,30.130000
03/14/2022,31.860000
03/15/2022,30.230000
03/16/2022,28.860000
03/17/2022,27.400000
03/18/2022,26.360000
03/21/2022,27.720000
03/22/2022,26.880000
03/23/2022,27.930000
03/24/2022,28.490000
03/25/2022,28.130000
03/28/2022,29.740000
03/29/2022,28.550000
03/30/2022,28.650000
03/31/2022,28.960000
04/01/2022,29.430000
04/04/2022,29.730000
04/05/2022,30.180000
04/06/2022,32.030000
04/07/2022,32.570000
04/08/2022,32.380000
04/11/2022,33.720000
04/12/2022,32.680000
04/13/2022,31.200000
04/14/2022,31.030000
04/18/2022,32.190000
04/19/2022,31.860000
04/20/2022,34.410000
04/21/2022,34.910000
04/22/2022,35.750000
04/25/2022,36.790000
04/26/2022,38.130000
04/27/2022,34.910000
04/28/2022,32.550000
04/29/2022,30.660000
05/02/2022,32.360000
05/03/2022,32.660000
05/04/2022,30.960000
05/05/2022,33.400000
05/06/2022,33.030000
05/09/2022,35.690000
05/10/2022,35.240000
05/11/2022,35.910000
05/12/2022,38.190000
05/13/2022,35.110000
05/16/2022,35.980000
05/17/2022,32.650000
05/18/2022,36.390000
05/19/2022,35.550000
05/20/2022,35.200000
05/23/2022,34.020000
05/24/2022,35.170000
05/25/2022,34.290000
05/26/2022,31.780000
05/27/2022,29.340000
05/31/2022,31.440000
06/01/2022,31.640000
06/02/2022,30.710000
06/03/2022,31.400000
06/06/2022,31.200000
06/07/2022,29.840000
06/08/2022,28.250000
06/09/2022,29.300000
06/10/2022,30.780000
06/13/2022,34.510000
06/14/2022,33.680000
06/15/2022,31.980000
06/16/2022,33.580000
06/17/2022,31.500000
06/21/2022,30.550000
06/22/2022,31.870000
06/23/2022,31.380000
06/24/2022,30.010000
06/27/2022,31.550000
06/28/2022,32.420000
06/29/2022,32.940000
06/30/2022,34.150000
07/01/2022,33.660000
07/05/2022,35.260000
07/06/2022,35.810000
07/07/2022,34.760000
07/08/2022,33.770000
07/11/2022,35.300000
07/12/2022,35.740000
07/13/2022,35.230000
07/14/2022,34.880000
07/15/2022,33.940000
07/18/2022,34.570000
07/19/2022,33.450000
07/20/2022,33.150000
07/21/2022,32.630000
07/22/2022,32.750000
07/25/2022,33.570000
07/26/2022,33.970000
07/27/2022,29.930000
07/28/2022,28.070000
07/29/2022,26.260000
08/01/2022,27.730000
08/02/2022,28.140000
08/03/2022,27.530000
08/04/2022,27.760000
08/05/2022,26.660000
08/08/2022,27.250000
08/09/2022,27.800000
08/10/2022,25.610000
08/11/2022,25.900000
08/12/2022,24.970000
08/15/2022,25.760000
08/16/2022,25.410000
08/17/2022,25.990000
08/18/2022,25.430000
08/19/2022,25.580000
08/22/2022,26.000000
08/23/2022,26.050000
08/24/2022,26.330000
08/25/2022,25.130000
08/26/2022,26.150000
08/29/2022,26.970000
08/30/2022,27.270000
08/31/2022,27.940000
09/01/2022,28.690000
09/02/2022,28.520000
09/06/2022,29.510000
09/07/2022,27.030000
09/08/2022,27.190000
09/09/2022,25.000000
09/12/2022,25.440000
09/13/2022,27.810000
09/14/2022,27.030000
09/15/2022,27.580000
09/16/2022,29.050000
09/19/2022,28.460000
09/20/2022,29.080000
09/21/2022,29.290000
09/22/2022,29.840000
09/23/2022,30.860000
09/26/2022,32.000000
09/27/2022,31.890000
09/28/2022,31.890000
09/29/2022,33.660000
09/30/2022,32.830000
10/03/2022,32.870000
10/04/2022,31.580000
10/05/2022,32.540000
10/06/2022,32.960000
10/07/2022,34.060000
10/10/2022,35.290000
10/11/2022,35.690000
10/12/2022,36.070000
10/13/2022,35.600000
10/14/2022,35.880000
10/17/2022,35.560000
10/18/2022,35.300000
10/19/2022,35.360000
10/20/2022,34.350000
10/21/2022,33.240000
10/24/2022,33.880000
10/25/2022,33.210000
10/26/2022,32.250000
10/27/2022,33.330000
10/28/2022,29.220000
10/31/2022,29.760000
11/01/2022,29.800000
11/02/2022,30.260000
11/03/2022,30.970000
11/04/2022,30.370000
11/07/2022,31.100000
11/08/2022,30.820000
11/09/2022,29.780000
11/10/2022,28.980000
11/11/2022,29.150000
11/14/2022,30.280000
11/15/2022,30.180000
11/16/2022,30.070000
11/17/2022,29.310000
11/18/2022,28.570000
11/21/2022,28.970000
11/22/2022,27.640000
11/23/2022,27.430000
11/25/2022,28.080000
11/28/2022,29.470000
11/29/2022,29.560000
11/30/2022,28.000000
12/01/2022,28.650000
12/02/2022,27.940000
12/05/2022,29.450000
12/06/2022,30.210000
12/07/2022,27.700000
12/08/2022,27.100000
12/09/2022,26.750000
12/12/2022,26.540000
12/13/2022,25.940000
12/14/2022,26.290000
12/15/2022,27.210000
12/16/2022,27.710000
12/19/2022,27.770000
12/20/2022,28.050000
12/21/2022,27.120000
12/22/2022,29.510000
12/23/2022,28.780000
12/27/2022,31.260000
12/28/2022,32.160000
12/29/2022,31.070000
12/30/2022,31.300000
01/03/2023,32.510000
01/04/2023,32.430000
01/05/2023,32.380000
01/06/2023,31.110000
01/09/2023,32.070000
01/10/2023,32.270000
01/11/2023,32.370000
01/12/2023,31.950000
01/13/2023,30.400000
01/17/2023,31.450000
01/18/2023,31.290000
01/19/2023,32.040000
01/20/2023,30.560000
01/23/2023,30.180000
01/24/2023,30.490000
01/25/2023,29.910000
01/26/2023,28.640000
01/27/2023,29.790000
01/30/2023,30.840000
01/31/2023,30.050000
02/01/2023,29.600000
02/02/2023,31.490000
02/03/2023,28.500000
02/06/2023,28.680000
02/07/2023,28.580000
02/08/2023,28.680000
02/09/2023,29.550000
02/10/2023,28.850000
02/13/2023,29.740000
02/14/2023,29.130000
02/15/2023,28.190000
02/16/2023,27.950000
02/17/2023,27.320000
02/21/2023,27.070000
02/22/2023,26.860000
02/23/2023,26.090000
02/24/2023,26.070000
02/27/2023,26.610000
02/28/2023,26.500000
03/01/2023,26.620000
03/02/2023,25.890000
03/03/2023,24.920000
03/06/2023,25.460000
03/07/2023,25.600000
03/08/2023,24.740000
03/09/2023,25.780000
03/10/2023,26.760000
03/13/2023,27.330000
03/14/2023,26.460000
03/15/2023,28.470000
03/16/2023,26.530000
03/17/2023,27.530000
03/20/2023,26.850000
03/21/2023,26.500000
03/22/2023,27.220000
03/23/2023,28.800000
03/24/2023,29.060000
03/27/2023,28.840000
03/28/2023,28.600000
03/29/2023,27.710000
03/30/2023,27.630000
03/31/2023,26.750000
04/03/2023,27.390000
04/04/2023,27.970000
04/05/2023,28.380000
04/06/2023,28.300000
04/10/2023,29.660000
04/11/2023,29.310000
04/12/2023,29.460000
04/13/2023,28.980000
04/14/2023,28.670000
04/17/2023,28.390000
04/18/2023,27.910000
04/19/2023,27.990000
04/20/2023,27.680000
04/21/2023,27.140000
04/24/2023,26.990000
04/25/2023,27.990000
04/26/2023,27.580000
04/27/2023,26.280000
04/28/2023,24.180000
05/01/2023,25.200000
05/02/2023,25.890000
05/03/2023,26.140000
05/04/2023,26.980000
05/05/2023,24.700000
05/08/2023,25.340000
05/09/2023,24.990000
05/10/2023,23.660000
05/11/2023,24.150000
05/12/2023,23.890000
05/15/2023,23.770000
05/16/2023,24.150000
05/17/2023,23.570000
05/18/2023,23.960000
05/19/2023,23.550000
05/22/2023,23.480000
05/23/2023,24.070000
05/24/2023,24.550000
05/25/2023,25.940000
05/26/2023,26.610000
05/30/2023,28.210000
05/31/2023,27.970000
06/01/2023,27.040000
06/02/2023,25.560000
06/05/2023,25.530000
06/06/2023,24.520000
06/07/2023,24.020000
06/08/2023,24.240000
06/09/2023,24.430000
06/12/2023,25.500000
06/13/2023,25.320000
06/14/2023,25.800000
06/15/2023,26.070000
06/16/2023,26.180000
06/20/2023,26.970000
06/21/2023,26.210000
06/22/2023,26.100000
06/23/2023,25.660000
06/26/2023,26.480000
06/27/2023,26.140000
06/28/2023,26.660000
06/29/2023,26.290000
06/30/2023,25.450000
07/03/2023,26.340000
07/05/2023,27.120000
07/06/2023,27.630000
07/07/2023,27.430000
07/10/2023,28.800000
07/11/2023,28.600000
07/12/2023,29.180000
07/13/2023,29.960000
07/14/2023,30.430000
07/17/2023,31.400000
07/18/2023,31.790000
07/19/2023,32.020000
07/20/2023,30.720000
07/21/2023,30.270000
07/24/2023,29.890000
07/25/2023,30.400000
07/26/2023,28.360000
07/27/2023,27.390000
07/28/2023,26.500000
07/31/2023,27.470000
08/01/2023,27.270000
08/02/2023,27.660000
08/03/2023,27.670000
08/04/2023,25.590000
08/07/2023,26.240000
08/08/2023,26.800000
08/09/2023,27.270000
08/10/2023,26.690000
08/11/2023,26.010000
08/14/2023,26.770000
08/15/2023,27.190000
08/16/2023,27.360000
08/17/2023,27.160000
08/18/2023,27.240000
08/21/2023,27.360000
08/22/2023,27.680000
08/23/2023,27.490000
08/24/2023,25.400000
08/25/2023,24.490000
08/28/2023,24.970000
08/29/2023,24.350000
08/30/2023,24.380000
08/31/2023,24.170000
09/01/2023,23.330000
09/05/2023,24.210000
09/06/2023,23.370000
09/07/2023,24.110000
09/08/2023,23.150000
09/11/2023,23.990000
09/12/2023,23.800000
09/13/2023,23.200000
09/14/2023,22.950000
09/15/2023,22.690000
09/18/2023,22.990000
09/19/2023,23.240000
09/20/2023,23.750000
09/21/2023,24.690000
09/22/2023,24.940000
09/25/2023,26.070000
09/26/2023,26.640000
09/27/2023,26.880000
09/28/2023,26.540000
09/29/2023,25.810000
10/02/2023,27.170000
10/03/2023,28.550000
10/04/2023,28.700000
10/05/2023,28.230000
10/06/2023,27.820000
10/09/2023,28.660000
10/10/2023,28.310000
10/11/2023,28.710000
10/12/2023,28.790000
10/13/2023,29.060000
10/16/2023,29.340000
10/17/2023,29.030000
10/18/2023,30.050000
10/19/2023,29.660000
10/20/2023,30.180000
10/23/2023,30.140000
10/24/2023,29.890000
10/25/2023,29.710000
10/26/2023,29.320000
10/27/2023,27.550000
10/30/2023,27.720000
10/31/2023,27.290000
11/01/2023,26.180000
11/02/2023,25.040000
11/03/2023,24.200000
11/06/2023,24.420000
11/07/2023,24.270000
11/08/2023,23.830000
11/09/2023,24.150000
11/10/2023,23.990000
11/13/2023,24.630000
11/14/2023,24.130000
11/15/2023,24.810000
11/16/2023,24.430000
11/17/2023,24.460000
11/20/2023,23.410000
11/21/2023,23.330000
11/22/2023,21.480000
11/24/2023,21.550000
11/27/2023,21.900000
11/28/2023,21.840000
11/29/2023,21.900000
11/30/2023,21.590000
12/01/2023,21.610000
12/04/2023,22.870000
12/05/2023,22.920000
12/06/2023,21.520000
12/07/2023,21.270000
12/08/2023,20.500000
12/11/2023,21.730000
12/12/2023,21.130000
12/13/2023,21.600000
12/14/2023,22.450000
12/15/2023,22.560000
12/18/2023,22.220000
12/19/2023,22.160000
12/20/2023,22.690000
12/21/2023,22.720000
12/22/2023,22.520000
12/26/2023,24.420000
12/27/2023,24.570000
12/28/2023,24.270000
12/29/2023,24.080000
01/02/2024,25.910000
01/03/2024,25.970000
01/04/2024,25.970000
01/05/2024,25.550000
01/08/2024,26.270000
01/09/2024,26.380000
01/10/2024,27.040000
01/11/2024,27.300000
01/12/2024,26.570000
01/16/2024,27.530000
01/17/2024,27.670000
01/18/2024,27.650000
01/19/2024,27.690000
01/22/2024,28.350000
01/23/2024,27.970000
01/24/2024,28.090000
01/25/2024,28.000000
01/26/2024,27.510000
01/29/2024,28.010000
01/30/2024,29.070000
01/31/2024,26.750000
02/01/2024,26.160000
02/02/2024,24.420000
02/05/2024,26.370000
02/06/2024,25.960000
02/07/2024,25.530000
02/08/2024,25.730000
02/09/2024,25.900000
02/12/2024,27.680000
02/13/2024,28.050000
02/14/2024,28.210000
02/15/2024,28.510000
02/16/2024,28.840000
02/20/2024,28.370000
02/21/2024,27.510000
02/22/2024,25.150000
02/23/2024,25.090000
02/26/2024,25.840000
02/27/2024,25.420000
02/28/2024,25.220000
02/29/2024,24.860000
03/01/2024,25.650000
03/04/2024,27.750000
03/05/2024,28.340000
03/06/2024,28.730000
03/07/2024,30.410000
03/08/2024,30.100000
03/11/2024,29.420000
03/12/2024,30.290000
03/13/2024,29.660000
03/14/2024,28.630000
03/15/2024,28.600000
03/18/2024,28.480000
03/19/2024,26.270000
03/20/2024,25.740000
03/21/2024,26.690000
03/22/2024,26.710000
03/25/2024,28.230000
03/26/2024,27.780000
03/27/2024,27.450000
03/28/2024,27.020000
04/01/2024,28.860000
04/02/2024,28.490000
04/03/2024,28.710000
04/04/2024,29.360000
04/05/2024,28.750000
04/08/2024,29.940000
04/09/2024,29.660000
04/10/2024,30.860000
04/11/2024,30.950000
04/12/2024,31.200000
04/15/2024,31.550000
04/16/2024,31.450000
04/17/2024,31.970000
04/18/2024,31.840000
04/19/2024,32.770000
04/22/2024,32.360000
04/23/2024,32.020000
04/24/2024,32.250000
04/25/2024,31.730000
04/26/2024,29.430000
04/29/2024,30.870000
04/30/2024,30.800000
05/01/2024,28.990000
05/02/2024,28.260000
05/03/2024,27.150000
05/06/2024,27.560000
05/07/2024,27.110000
05/08/2024,27.380000
05/09/2024,26.720000
05/10/2024,26.100000
05/13/2024,26.330000
05/14/2024,25.980000
05/15/2024,26.630000
05/16/2024,26.720000
05/17/2024,26.370000
05/20/2024,26.010000
05/21/2024,25.740000
05/22/2024,26.050000
05/23/2024,24.000000
05/24/2024,23.640000
05/28/2024,25.930000
05/29/2024,26.300000
05/30/2024,26.890000
05/31/2024,26.530000
06/03/2024,27.310000
06/04/2024,26.740000
06/05/2024,27.320000
06/06/2024,27.340000
06/07/2024,26.780000
06/10/2024,26.090000
06/11/2024,26.240000
06/12/2024,25.920000
06/13/2024,26.870000
06/14/2024,27.080000
06/17/2024,28.360000
06/18/2024,28.450000
06/20/2024,29.060000
06/21/2024,28.260000
06/24/2024,29.570000
06/25/2024,29.020000
06/26/2024,29.650000
06/27/2024,29.760000
06/28/2024,29.550000
07/01/2024,30.130000
07/02/2024,29.780000
07/03/2024,30.680000
07/05/2024,31.310000
07/08/2024,32.540000
07/09/2024,32.820000
07/10/2024,33.910000
07/11/2024,34.490000
07/12/2024,33.950000
07/15/2024,34.240000
07/16/2024,33.540000
07/17/2024,34.720000
07/18/2024,34.650000
07/19/2024,34.420000
07/22/2024,34.020000
07/23/2024,33.920000
07/24/2024,33.510000
07/25/2024,34.090000
07/26/2024,33.860000
07/29/2024,34.540000
07/30/2024,35.140000
07/31/2024,33.440000
08/01/2024,34.790000
08/02/2024,35.070000
08/05/2024,34.170000
08/06/2024,33.710000
08/07/2024,33.790000
08/08/2024,32.480000
08/09/2024,32.640000
08/12/2024,32.400000
08/13/2024,32.640000
08/14/2024,32.240000
08/15/2024,31.220000
08/16/2024,31.590000
08/19/2024,31.990000
08/20/2024,32.360000
08/21/2024,31.760000
08/22/2024,33.280000
08/23/2024,32.330000
08/26/2024,34.260000
08/27/2024,32.830000
08/28/2024,33.040000
08/29/2024,28.190000
08/30/2024,26.930000
09/03/2024,28.430000
09/04/2024,28.700000
09/05/2024,28.920000
09/06/2024,29.510000
09/09/2024,29.670000
09/10/2024,29.680000
09/11/2024,29.820000
09/12/2024,29.730000
09/13/2024,28.680000
09/16/2024,28.990000
09/17/2024,28.550000
09/18/2024,28.310000
09/19/2024,27.530000
09/20/2024,27.690000
09/23/2024,28.070000
09/24/2024,28.810000
09/25/2024,29.490000
09/26/2024,30.060000
09/27/2024,30.330000
09/30/2024,31.140000
10/01/2024,31.280000
10/02/2024,31.250000
10/03/2024,31.130000
10/04/2024,30.750000
10/07/2024,31.310000
10/08/2024,31.320000
10/09/2024,32.240000
10/10/2024,32.270000
10/11/2024,31.010000
10/14/2024,30.900000
10/15/2024,31.700000
10/16/2024,31.730000
10/17/2024,32.070000
10/18/2024,31.280000
10/21/2024,32.200000
10/22/2024,32.900000
10/23/2024,33.090000
10/24/2024,32.920000
10/25/2024,32.800000
10/28/2024,33.380000
10/29/2024,33.370000
10/30/2024,32.680000
10/31/2024,31.490000
11/01/2024,29.040000
11/04/2024,29.400000
11/05/2024,29.480000
11/06/2024,28.550000
11/07/2024,27.940000
11/08/2024,27.940000
11/11/2024,30.620000
11/12/2024,30.880000
11/13/2024,30.690000
11/14/2024,30.220000
11/15/2024,32.320000
11/18/2024,31.910000
11/19/2024,31.170000
11/20/2024,32.830000
11/21/2024,28.630000
11/22/2024,28.500000
11/25/2024,28.040000
11/26/2024,26.860000
11/27/2024,26.440000
11/29/2024,26.430000
12/02/2024,27.300000
12/03/2024,26.920000
12/04/2024,26.790000
12/05/2024,27.380000
12/06/2024,28.220000
12/09/2024,28.820000
12/10/2024,28.410000
12/11/2024,28.060000
12/12/2024,28.030000
12/13/2024,28.590000
12/16/2024,31.110000
12/17/2024,31.470000
12/18/2024,29.050000
12/19/2024,31.690000
12/20/2024,30.420000
12/23/2024,29.810000
12/24/2024,29.310000
12/26/2024,30.740000
12/27/2024,30.740000
12/30/2024,31.180000
12/31/2024,30.920000
01/02/2025,30.610000
01/03/2025,31.190000
01/06/2025,32.910000
01/07/2025,31.920000
01/08/2025,32.530000
01/10/2025,32.370000
01/13/2025,33.300000
01/14/2025,33.020000
01/15/2025,32.290000
01/16/2025,31.870000
01/17/2025,31.640000
01/21/2025,32.360000
01/22/2025,32.000000
01/23/2025,31.640000
01/24/2025,31.670000
01/27/2025,36.540000
01/28/2025,34.890000
01/29/2025,37.230000
01/30/2025,35.180000
01/31/2025,34.750000
02/03/2025,34.810000
02/04/2025,33.690000
02/05/2025,32.780000
02/06/2025,31.530000
02/07/2025,31.430000
02/10/2025,31.580000
02/11/2025,31.520000
02/12/2025,31.600000
02/13/2025,31.650000
02/14/2025,31.280000
02/18/2025,32.570000
02/19/2025,32.110000
02/20/2025,31.880000
02/21/2025,33.050000
02/24/2025,34.110000
02/25/2025,35.450000
02/26/2025,34.050000
02/27/2025,33.300000
02/28/2025,32.260000
03/03/2025,33.800000
03/04/2025,34.550000
03/05/2025,33.060000
03/06/2025,33.490000
03/07/2025,32.630000
03/10/2025,36.170000
03/11/2025,35.820000
03/12/2025,34.310000
03/13/2025,34.430000
03/14/2025,32.220000
03/17/2025,31.940000
03/18/2025,32.140000
03/19/2025,30.990000
03/20/2025,31.010000
03/21/2025,30.180000
03/24/2025,30.580000
03/25/2025,30.650000
03/26/2025,31.910000
03/27/2025,32.260000
03/28/2025,33.260000
03/31/2025,34.220000
04/01/2025,33.930000
04/02/2025,33.880000
04/03/2025,36.590000
04/04/2025,41.510000
04/07/2025,43.150000
04/08/2025,46.350000
04/09/2025,39.460000
04/10/2025,46.530000
04/11/2025,43.200000
04/14/2025,42.140000
04/15/2025,38.090000
04/16/2025,39.780000
04/17/2025,38.940000
04/21/2025,39.990000
04/22/2025,38.280000
04/23/2025,37.200000
04/24/2025,35.900000
04/25/2025,34.600000
04/28/2025,35.730000
04/29/2025,35.220000
04/30/2025,35.540000
05/01/2025,33.490000
05/02/2025,31.760000
05/05/2025,32.050000
05/06/2025,31.380000
05/07/2025,32.690000
05/08/2025,31.840000
05/09/2025,31.520000
05/12/2025,30.880000
05/13/2025,31.780000
05/14/2025,33.630000
05/15/2025,33.370000
05/16/2025,33.620000
05/19/2025,33.200000
05/20/2025,32.990000
05/21/2025,33.420000
05/22/2025,33.180000
05/23/2025,32.900000
05/27/2025,33.630000
05/28/2025,33.340000
05/29/2025,31.040000
05/30/2025,30.580000
06/02/2025,30.340000
06/03/2025,30.140000
06/04/2025,30.330000
06/05/2025,31.490000
06/06/2025,29.620000
06/09/2025,29.400000
06/10/2025,29.290000
06/11/2025,27.870000
06/12/2025,26.900000
06/13/2025,26.610000
06/16/2025,27.060000
06/17/2025,26.890000
06/18/2025,27.180000
06/20/2025,27.160000
06/23/2025,27.120000
06/24/2025,27.520000
06/25/2025,28.720000
06/26/2025,29.070000
06/27/2025,29.470000
06/30/2025,30.230000
07/01/2025,30.390000
07/02/2025,30.250000
07/03/2025,29.720000
07/07/2025,31.690000
07/08/2025,31.720000
07/09/2025,31.650000
07/10/2025,32.020000
07/11/2025,31.820000
07/14/2025,32.280000
07/15/2025,32.300000
07/16/2025,31.930000
07/17/2025,31.890000
07/18/2025,31.460000
07/21/2025,31.360000
07/22/2025,32.130000
07/23/2025,32.410000
07/24/2025,30.430000
07/25/2025,29.880000
07/28/2025,30.600000
07/29/2025,30.710000
07/30/2025,30.650000
07/31/2025,30.930000
08/01/2025,28.800000
08/04/2025,29.950000
08/05/2025,29.430000
08/06/2025,28.730000
08/07/2025,29.000000
08/08/2025,28.590000
08/11/2025,29.470000
08/12/2025,29.350000
08/13/2025,29.730000
08/14/2025,29.630000
08/15/2025,29.900000
08/18/2025,29.390000
08/19/2025,30.350000
08/20/2025,29.980000
08/21/2025,29.950000
08/22/2025,29.860000
08/25/2025,30.460000
08/26/2025,30.510000
08/27/2025,30.310000
08/28/2025,27.580000
08/29/2025,27.680000
09/02/2025,27.950000
09/03/2025,27.620000
09/04/2025,26.900000
09/05/2025,27.280000
09/08/2025,27.430000
09/09/2025,27.540000
09/10/2025,27.400000
09/11/2025,27.140000
09/12/2025,27.350000
09/15/2025,29.090000
09/16/2025,29.260000
09/17/2025,29.140000
09/18/2025,29.880000
09/19/2025,29.850000
09/22/2025,32.020000
09/23/2025,32.190000
09/24/2025,32.140000
09/25/2025,32.380000
09/26/2025,31.900000
09/29/2025,33.040000
09/30/2025,33.790000
10/01/2025,34.470000
10/02/2025,34.330000
10/03/2025,34.390000
10/06/2025,37.150000
10/07/2025,36.380000
10/08/2025,37.510000
10/09/2025,37.680000
10/10/2025,38.960000
10/13/2025,38.810000
10/14/2025,38.650000
10/15/2025,37.810000
10/16/2025,37.280000
10/17/2025,37.810000
10/20/2025,38.350000
10/21/2025,37.950000
10/22/2025,38.030000
10/23/2025,36.840000
10/24/2025,36.670000
10/27/2025,38.430000
10/28/2025,38.800000
10/29/2025,40.460000
10/30/2025,36.630000
10/31/2025,36.030000
11/03/2025,36.130000
11/04/2025,35.310000
11/05/2025,35.110000
11/06/2025,35.620000
11/07/2025,35.350000
11/10/2025,35.030000
11/11/2025,34.490000
11/12/2025,33.460000
11/13/2025,34.140000
11/14/2025,33.510000
11/17/2025,34.090000
11/18/2025,34.930000
11/19/2025,35.240000
11/20/2025,35.280000
11/21/2025,34.900000
11/24/2025,33.140000
11/25/2025,33.820000
11/26/2025,32.410000
11/28/2025,32.070000
12/01/2025,31.940000
12/02/2025,31.690000
12/03/2025,32.010000
12/04/2025,31.520000
12/05/2025,31.000000
12/08/2025,31.240000
12/09/2025,30.600000
12/10/2025,29.240000
12/11/2025,29.090000
12/12/2025,27.860000
12/15/2025,28.060000
12/16/2025,27.870000
12/17/2025,28.270000
12/18/2025,28.080000
12/19/2025,27.790000
12/22/2025,28.310000
12/23/2025,28.040000
12/24/2025,28.240000
12/26/2025,29.010000
12/29/2025,29.760000
12/30/2025,29.540000
12/31/2025,29.540000
01/02/2026,30.910000
01/05/2026,31.950000
01/06/2026,32.100000
01/07/2026,33.240000
01/08/2026,33.430000
01/09/2026,33.200000
01/12/2026,33.810000
01/13/2026,33.960000
01/14/2026,34.010000
01/15/2026,33.760000
01/16/2026,33.100000
01/20/2026,34.600000
01/21/2026,34.640000
01/22/2026,34.660000
01/23/2026,34.820000
01/26/2026,35.810000
01/27/2026,36.080000
01/28/2026,36.890000
01/29/2026,36.160000
01/30/2026,34.990000
02/02/2026,35.760000
02/03/2026,37.090000
02/04/2026,37.610000
02/05/2026,37.860000
02/06/2026,35.680000
02/09/2026,35.660000
02/10/2026,34.940000
02/11/2026,34.940000
02/12/2026,36.840000
02/13/2026,36.130000
02/17/2026,37.110000
02/18/2026,36.470000
02/19/2026,35.930000
02/20/2026,35.920000
02/23/2026,37.470000
02/24/2026,37.600000
02/25/2026,37.200000
02/26/2026,35.060000
02/27/2026,35.880000
03/02/2026,35.550000
03/03/2026,34.810000
03/04/2026,34.650000
03/05/2026,33.130000
03/06/2026,32.750000
03/09/2026,32.330000
03/10/2026,31.250000
03/11/2026,30.220000
03/12/2026,30.410000
03/13/2026,30.110000
03/16/2026,31.010000
03/17/2026,28.950000
03/18/2026,29.300000
03/19/2026,30.220000
03/20/2026,30.290000
03/23/2026,29.670000
03/24/2026,30.260000
03/25/2026,31.080000
03/26/2026,31.560000
03/27/2026,31.870000
03/30/2026,33.560000
03/31/2026,33.680000
04/01/2026,33.460000
04/02/2026,33.390000
04/06/2026,34.160000
04/07/2026,34.400000
04/08/2026,35.510000
04/09/2026,36.390000
04/10/2026,36.470000
04/13/2026,37.260000
04/14/2026,37.470000
04/15/2026,38.290000
04/16/2026,37.830000
04/17/2026,36.620000
04/20/2026,36.880000
04/21/2026,37.610000
04/22/2026,38.480000
04/23/2026,38.150000
04/24/2026,38.850000
04/27/2026,40.650000
04/28/2026,39.750000
04/29/2026,40.160000
04/30/2026,37.050000
05/01/2026,35.830000
05/04/2026,35.850000
05/05/2026,37.170000
05/06/2026,37.230000
05/07/2026,36.940000
05/08/2026,38.370000
05/11/2026,40.490000
05/12/2026,40.070000
05/13/2026,40.760000
05/14/2026,40.580000
05/15/2026,38.990000
05/18/2026,39.130000
05/19/2026,38.660000
05/20/2026,39.220000
05/21/2026,37.450000
05/22/2026,36.950000
05/26/2026,40.270000
05/27/2026,40.480000
05/28/2026,40.110000
05/29/2026,42.010000
06/01/2026,44.070000
06/02/2026,43.990000
06/03/2026,43.700000
06/04/2026,41.010000
06/05/2026,40.270000
06/08/2026,41.180000
06/09/2026,40.980000
